sim_x,sim_y,real_x,real_y,P_xx,P_xy,P_yy
0.0,0.0026224618777632713,0.0,0.0014088177292376216,3.2251074579071244e-05,0.0,3.59513024975335e-05
0.0,0.009480235166847706,0.0,0.005731871019387477,6.352221100650927e-05,0.0,7.25434740295442e-05
0.0,0.018942780792713165,0.0,0.012504018757617797,9.481315286754836e-05,0.0,0.00010831404227941263
0.0,0.030007297173142433,-1.1963074351845772e-06,0.021141472739102544,0.0001261211393682683,-2.3853945112658806e-10,0.00014302445319120354
0.0,0.04205704852938652,-2.503821646269105e-06,0.031075461649816172,0.00015744174365451327,-4.424547306925008e-10,0.00017688725683892833
0.0,0.05471273139119148,-1.0576765324831961e-05,0.04185722765304891,0.00018877089697025452,-1.257010776838527e-09,0.00021016337056289775
0.0,0.06774107366800308,-2.8400966560517732e-05,0.053172471207733704,0.00022010554286153763,-2.740151707221887e-09,0.00024306001267089422
0.0,0.08099859952926636,-4.6814675823351135e-05,0.06524374631225284,0.00025144360624507607,-4.214744114530968e-09,0.0002757200024212328
0.0,0.09439708292484283,-2.6832139702372547e-05,0.07769724735028251,0.0002827871083076638,-3.574020153497831e-09,0.00030823542274964
0.0,0.10788225382566452,-6.528067861275383e-06,0.09056538367674513,0.0003141339208704445,-2.587695393317088e-09,0.00034066357683249627
0.0,0.12142074108123779,-1.7441564507567134e-06,0.10378967504439174,0.00034548449148302866,-2.129055898115177e-09,0.00037303942366451214
0.0,0.13499201834201813,-1.1292983567478104e-05,0.11726777280641258,0.0003768384756092972,-2.344744541339483e-09,0.0004053840451555797
0.0,0.14858345687389374,-3.15251283405867e-05,0.13089799002278457,0.0004081949399899112,-3.188024760853982e-09,0.0004377100713058982
0.0,0.16218729317188263,-5.18068656191969e-05,0.14449147287791472,0.000439552890284956,-4.2572145319326105e-09,0.0004700250403782967
0.0,0.17579875886440277,-3.5432401999254166e-05,0.15802560475528618,0.0004709103616555894,-3.9531116762868485e-09,0.0005023334405984064
0.0,0.18941491842269897,-1.1196035451165892e-05,0.17143321016837546,0.0005022672259530729,-2.980888262282077e-09,0.000534637938951857
0.0,0.20303396880626678,-7.034077671735465e-06,0.1844845979055953,0.0005336227726946097,-2.5354931223134324e-09,0.0005669401230321819
0.0,0.21665479242801666,-2.263205118799331e-05,0.1973060230119652,0.0005649746260526255,-2.9931179819778407e-09,0.000599240932229504
0.0,0.2302767038345337,-3.786655695764846e-05,0.20994838244388048,0.0005963243198299057,-3.722734064647405e-09,0.0006315409256929365
0.0,0.24389928579330444,-4.218179018825635e-05,0.22239175307450484,0.0006276723018905811,-4.144835251000209e-09,0.0006638404357884838
0.0,0.2575222849845886,-5.6979409621253235e-05,0.2347107790274564,0.0006590183550552681,-5.003216697556488e-09,0.0006961396580956602
0.0,0.2711455225944519,-7.159816140321396e-05,0.24695602485526222,0.0006903632726707103,-5.972221437899876e-09,0.0007284387098558952
0.0,0.2847689390182495,-9.163610340431076e-05,0.2591574826533003,0.0007217075202046211,-7.257842760289338e-09,0.0007607376597097145
0.0,0.2983924448490143,-0.00011364404842752197,0.2713329583200099,0.0007530513714482778,-8.747537987470727e-09,0.0007930365489893934
0.0,0.31201601028442383,-0.00013996380484218267,0.2835667423665806,0.0007843949885260078,-1.0523533873205379e-08,0.0008253354016605622
0.0,0.32563960552215576,-0.0001603402632572421,0.29584031738018945,0.0008157392117447885,-1.2135954218408429e-08,0.0008576342338806418
0.0,0.3392632305622101,-0.00018080545817399866,0.3081623948174822,0.0008470837958262991,-1.3737126345633256e-08,0.000889933053639404
0.0,0.3528868556022644,-0.0001554171258664403,0.3204911999155763,0.0008784288431006863,-1.3264607983699573e-08,0.0009222318653518898
0.0,0.3665105104446411,-0.00012894603011296655,0.332822327489641,0.0009097739284412757,-1.2150368316981677e-08,0.0009545306722231851
0.0,0.3801341652870178,-0.0001026632661052759,0.3452053411392777,0.0009411190364789634,-1.0676590300873872e-08,0.00098682947630838
0.0,0.39375782012939453,-9.763359272771345e-05,0.3575162217564896,0.0009724646707441491,-9.935315124277397e-09,0.0010191282811288238
0.0,0.40738147497177124,-9.6197203040091e-05,0.36982645951147847,0.0010038095320374439,-9.496119267388951e-09,0.0010514270857228836
0.0,0.42100512981414795,-9.089336745397792e-05,0.3822486448662869,0.0010351544410793008,-9.01550968015041e-09,0.0010837258900579297
0.0,0.43462878465652466,-8.825334315693257e-05,0.39474490423918135,0.0010665004891656147,-8.68489870837792e-09,0.0011160246943478036
0.0,0.44825243949890137,-8.559201460083293e-05,0.40723594073197683,0.0010978472164169927,-8.404873880387858e-09,0.0011483234985860352
0.0,0.4618760943412781,-8.745697323228777e-05,0.4197441215805053,0.0011291938421461604,-8.357037244183355e-09,0.001180622302809088
0.0,0.4754997491836548,-9.955015841509707e-05,0.43226413430873223,0.0011605406511888039,-8.838948776599399e-09,0.0012129211065230103
0.0,0.4891234040260315,-0.00011166480072942593,0.4449983501793283,0.0011918875693659311,-9.490938986028429e-09,0.0012452199100915055
0.0,0.5027470588684082,-0.00012567280931534742,0.45791087375717765,0.001223236695189997,-1.0318157285226945e-08,0.0012775187134209769
0.0,0.5163707137107849,-0.0001028018133483896,0.47120691724743097,0.001254587525401363,-9.642535617545922e-09,0.001309817515626048
0.0,0.5299943685531616,-8.28547506907323e-05,0.48474500244171503,0.0012859422967960094,-8.722212447342857e-09,0.0013421163179550702
0.0,0.5436180233955383,-6.292817787756662e-05,0.49845428966011907,0.0013172993897119854,-7.623785553035579e-09,0.001374415120248701
0.0,0.557241678237915,-7.115422859141625e-05,0.5122671384889491,0.0013486581742166762,-7.558976884787738e-09,0.001406713923485581
0.0,0.5708653330802917,-7.947029593703286e-05,0.5261902287154141,0.001380017970059088,-7.750969033937875e-09,0.001439012726962459
0.0,0.5844889879226685,-8.957754120716943e-05,0.54013631324997,0.0014113789044148258,-8.163456190464732e-09,0.0014713115304996742
0.0,0.5981126427650452,-9.224902116030897e-05,0.554092826278121,0.0014427400116100865,-8.389186859511722e-09,0.0015036103343733598
0.0,0.6117362976074219,-9.498008518218e-05,0.5683214407920016,0.0014741012214503667,-8.595847886913368e-09,0.0015359091383622529
0.0,0.6253599524497986,-9.595030722345946e-05,0.5824917339661287,0.0015054654412607767,-8.722966577115085e-09,0.0015682079424369447
0.0,0.6389836072921753,-0.00010767078581286408,0.5963530622730131,0.0015368287990638863,-9.249962123725932e-09,0.0016005067461695827
0.0,0.652607262134552,-0.00010970972762025763,0.6097932807136338,0.00156818880646468,-9.506272613264447e-09,0.0016328055501949454
0.0003416950348764658,0.6662266254425049,0.0002571064825716438,0.6231845049892732,0.0015995445925226783,5.562312497552847e-09,0.0016651039398582305
0.002049739472568035,0.6797428131103516,0.001889863332610141,0.6362606226756115,0.0016309035990948574,7.780502772895507e-08,0.00169739425449544
0.005798647180199623,0.6928405165672302,0.005285168087932347,0.6490423314104434,0.001662278951684491,2.4023655023898e-07,0.0017296536419111213
0.012526881881058216,0.7046868205070496,0.01179649762834763,0.6607186663053993,0.0016937245923096392,5.45544367116176e-07,0.0017618031789613652
0.023098839446902275,0.7132797241210938,0.0221834062557069,0.6696259277955453,0.001725342636519824,9.77544567475942e-07,0.001793698535351168
0.03581833839416504,0.718160092830658,0.03483637034553918,0.6751509990876877,0.0017571788322812835,1.403723892483497e-06,0.00182533413786553
0.04928619787096977,0.7202145457267761,0.048273725633025434,0.6772717677131507,0.0017892002301375456,1.7187782693806943e-06,0.0018567766419185273
0.06290699541568756,0.7204935550689697,0.06162330900894567,0.6775626587082663,0.0018213366107669021,1.9056404428721752e-06,0.0018881418602894413
0.07653065025806427,0.7204935550689697,0.07480689218624108,0.6775199455377137,0.0018535392028049362,2.0130611196032826e-06,0.0019194958765260852
0.09015430510044098,0.7204935550689697,0.08775755485432532,0.6774811617728194,0.001885780944121627,2.0767214665405096e-06,0.001950848773151332
0.10377795994281769,0.7204935550689697,0.1007028608335391,0.6774768743544112,0.001918045897656559,2.114866041185246e-06,0.0019821995282429164
0.1174016147851944,0.7204935550689697,0.11365978187719027,0.6774432531783467,0.00195032461684132,2.1362985409061003e-06,0.0020135504089126835
0.1310252696275711,0.7204935550689697,0.1263235473545686,0.6774071645503577,0.001982611502657619,2.14826129291015e-06,0.002044901476340897
0.14464892446994781,0.7204935550689697,0.13879536160875505,0.6773635467537275,0.0020149032309023066,2.154043491189266e-06,0.002076249479187498
0.15827257931232452,0.7204935550689697,0.15114508267483684,0.6773274895113396,0.002047197834224007,2.1565285354871433e-06,0.0021075957662192164
0.17189623415470123,0.7204935550689697,0.16340944738158986,0.6773113049936861,0.0020794941461827693,2.157808466341784e-06,0.0021389409542969823
0.18551988899707794,0.7204935550689697,0.17562226421882507,0.6773092921490129,0.002111791471783562,2.1587205669161873e-06,0.0021702853630469884
0.19914354383945465,0.7204935550689697,0.18782053462335022,0.6773076335723338,0.002144089398612658,2.1592241336295045e-06,0.0022016293084524963
0.21276719868183136,0.7204935550689697,0.19999510737647652,0.6772450107229074,0.0021763876680275275,2.1567009332068166e-06,0.002232973143046691
0.22639085352420807,0.7204935550689697,0.21215450261344546,0.6771695504984151,0.0022086861383109335,2.152640857110951e-06,0.0022643167615770963
0.24001450836658478,0.7204935550689697,0.224304937578561,0.6770947318122169,0.0022409847299776253,2.1478666328705617e-06,0.0022956602532565084
0.2536381483078003,0.7204935550689697,0.23648400038019965,0.6770324910247172,0.0022732833999857863,2.143233301732385e-06,0.002327003664232883
0.267261803150177,0.7204935550689697,0.24872117101122204,0.6769988086081778,0.002305582124812462,2.139814791383237e-06,0.0023583473588920604
0.2808854579925537,0.7204935550689697,0.2609601045828939,0.6770277290071163,0.0023378808805444764,2.1395507524358466e-06,0.0023896916024504686
0.2945091128349304,0.7204935550689697,0.27319735451419264,0.6771093315222866,0.0023701796330203406,2.1426774068680176e-06,0.002421035830059397
0.30813276767730713,0.7204935550689697,0.2854704385489404,0.6771901095661946,0.0024024783902509787,2.147046562538534e-06,0.0024523800609682466
0.32175642251968384,0.7204935550689697,0.2978112663634123,0.6771730142871352,0.0024347771732185523,2.1477397313485325e-06,0.0024837246365383334
0.33538007736206055,0.7204935550689697,0.31019516453869533,0.6772089656308911,0.002467075960417566,2.150016792597896e-06,0.002515069881941744
0.34900373220443726,0.7204935550689697,0.3227559401576714,0.6772452386867407,0.002499374751324004,2.152482955071288e-06,0.0025464155218162506
0.36262738704681396,0.7204935550689697,0.33542242378461534,0.6772957895723063,0.0025316735402136224,2.155674389577325e-06,0.0025777629530355536
0.3762510418891907,0.7204935550689697,0.3482511826474663,0.6772959044530047,0.002563972338148658,2.1568786525285233e-06,0.0026091113404895436
0.3898746967315674,0.7204935550689697,0.3611048399564681,0.677281579297313,0.0025962711379809754,2.156979947822246e-06,0.002640461345266959
0.4034983515739441,0.7204935550689697,0.374011792762802,0.6772671262352736,0.002628569939116466,2.156611052986413e-06,0.0026718114971153446
0.4171220064163208,0.7204935550689697,0.38695346969217537,0.6772709890391599,0.0026608687416683568,2.1567529144249487e-06,0.0027031621969035194
0.4307456612586975,0.7204935550689697,0.39993021248892563,0.6772748410476027,0.002693167544861274,2.1569506428929232e-06,0.0027345132223549787
0.4443693161010742,0.7204935550689697,0.41307968419496,0.6772546036237342,0.0027254663471614586,2.1561543729001244e-06,0.0027658645935010866
0.4579929709434509,0.7204935550689697,0.42634223540130944,0.6772222220025963,0.00275776514733202,2.15458885215257e-06,0.002797217766684202
0.47161662578582764,0.7204935550689697,0.43972835367630847,0.6771896059689361,0.0027900639468701055,2.1527258545047085e-06,0.002828572017065451
0.48524028062820435,0.7204935550689697,0.45319178534559185,0.6771699950864957,0.0028223627481613113,2.1512336477639865e-06,0.002859927512041145
0.49886393547058105,0.7204935550689697,0.4667464293681841,0.6771502456176719,0.002854661549827317,2.1497905071124035e-06,0.002891283749559104
0.5124875903129578,0.7204935550689697,0.48042481161224326,0.6771285052853617,0.0028869603514921566,2.148303443402577e-06,0.0029226409189528455
0.5261112451553345,0.7204935550689697,0.49418129026489394,0.6771097806630952,0.0029192591536030886,2.1469415634196386e-06,0.0029539993641255957
0.5397348999977112,0.7204935550689697,0.5081688258694356,0.6770907326917041,0.0029515579558619456,2.145614351437495e-06,0.002985358570031415
0.5533585548400879,0.7204935550689697,0.5223555487691869,0.6770460055953685,0.0029838567536392513,2.1433096120567597e-06,0.00301672026161999
0.5669822096824646,0.7204935550689697,0.5366637660623133,0.6769602459756588,0.003016155535668686,2.139162821352297e-06,0.003048083997060457
0.5806058645248413,0.7204935550689697,0.5508957831789161,0.676874442402987,0.0030484543128553297,2.1344112320967874e-06,0.003079448955048565
0.594229519367218,0.7204935550689697,0.5650723593292738,0.6769151115565973,0.003080753102478226,2.134212507394198e-06,0.0031108129432727504
0.6078531742095947,0.7204935550689697,0.5793251147848757,0.6769560145522533,0.0031130518947691545,2.135206813090244e-06,0.003142176384607657
0.6214768290519714,0.7204935550689697,0.5934735427217729,0.6769143162266494,0.0031453506885202364,2.1336771480617607e-06,0.0031735407171371056
0.6351004838943481,0.7204935550689697,0.6075490787404946,0.6769002685212814,0.0031776494874434353,2.1327205206923065e-06,0.0032049038255121827
0.6487241387367249,0.7204935550689697,0.6211398850884073,0.6768867154449774,0.0032099482881230157,2.131772550753314e-06,0.003236266210475837
0.6623175740242004,0.7195870280265808,0.6341579794361131,0.6759345853445464,0.0032422442656694006,2.0918055251634702e-06,0.003267624222652572
0.675764262676239,0.7173984050750732,0.6470671423384792,0.6740367865925312,0.003274530522761211,1.99975071700042e-06,0.0032989828211634382
0.6887201070785522,0.7131853699684143,0.6592596712080134,0.6702075799253929,0.0033067761784722582,1.8090087147216024e-06,0.0033303671066246543
0.7003222703933716,0.7060443758964539,0.6702230396397605,0.6634879700204852,0.0033389007602765666,1.4790263948093472e-06,0.003361829533667545
0.7109047174453735,0.6974644660949707,0.6802389549818886,0.6555277932310187,0.0033709234585810196,1.0775785714765538e-06,0.0033933939806582974
0.7209921479225159,0.6883076429367065,0.6894901826773315,0.6469475074450797,0.0034028646365684436,6.381818793234845e-07,0.003425050663914193
0.7305803298950195,0.6786292791366577,0.6982744479628049,0.6380414094377888,0.0034347458459871296,1.8000433880309956e-07,0.003456779557349161
0.73982834815979,0.6686254143714905,0.7066752407833277,0.6288704060162512,0.0034665789519253347,-2.8686548260316395e-07,0.0034885663078881328
0.7487452030181885,0.6583251953125,0.7149049251646522,0.6193422191587032,0.0034983731584340987,-7.565339432535493e-07,0.0035203991060453895
0.7571978569030762,0.6476408243179321,0.7228042195597422,0.6092921716374516,0.0035301244147687787,-1.2229389259139283e-06,0.0035522802393648505
0.7636944651603699,0.6356659531593323,0.7291971055354458,0.597522080628483,0.0035617581457104315,-1.6583619111493498e-06,0.0035842653462075007
0.7665994763374329,0.6223556399345398,0.7325881134886106,0.5841698384243024,0.0035932331122954506,-1.99350815485944e-06,0.0036163760673632553
0.767096757888794,0.608741044998169,0.7336247294187853,0.5701258275081557,0.003624615977893821,-2.200250704376564e-06,0.0036485683617556858
0.767096757888794,0.5951173901557922,0.7337479660514051,0.5557871790605666,0.003655979118011175,-2.315494982070576e-06,0.003680804631893551
0.767096757888794,0.5814937353134155,0.7336523458242251,0.5413145384093874,0.0036873431453102873,-2.378280314751319e-06,0.0037130662956598925
0.767096757888794,0.5678700804710388,0.7336189519100418,0.5267971959003738,0.0037187095553142166,-2.414994627582793e-06,0.003745343071945037
0.767096757888794,0.5542464256286621,0.7336137103317588,0.5122564801877292,0.0037500766118116627,-2.4367378883682125e-06,0.0037776288080841555
0.767096757888794,0.5406227707862854,0.7336037678925902,0.497690769739869,0.003781443918766927,-2.4491881196449546e-06,0.003809919857869285
0.767096757888794,0.5269991159439087,0.7336392040577313,0.4830183828130713,0.0038128115490185886,-2.4579105833994334e-06,0.0038422140587716846
0.767096757888794,0.513375461101532,0.7336366033787773,0.46827591167259475,0.0038441803315617893,-2.4625186128056498e-06,0.003874510132154519
0.767096757888794,0.4997518062591553,0.733632307669698,0.4535624800006985,0.003875549824126828,-2.4650994350021147e-06,0.003906807315895658
0.767096757888794,0.48612815141677856,0.7336088110198588,0.4388180037305009,0.003906918927809977,-2.4657779449367462e-06,0.003939105157023406
0.767096757888794,0.47250449657440186,0.7336404222429765,0.4240513170831228,0.003938288420203483,-2.4676269086485372e-06,0.003971403387730126
0.767096757888794,0.45888084173202515,0.7336718834565786,0.4093790815474589,0.003969658138527236,-2.469534907955594e-06,0.0040037018498935255
0.767096757888794,0.44525718688964844,0.7336111306760628,0.3949552746336909,0.0040010267549711945,-2.468001416412975e-06,0.004036000442090274
0.767096757888794,0.43163353204727173,0.7337198064973938,0.3806921150044346,0.004032392648178216,-2.4719894524596044e-06,0.004068299091343228
0.767096757888794,0.418009877204895,0.7338284123363953,0.3664415228660622,0.0040637569548082975,-2.477276248085527e-06,0.004100597781216614
0.7661601901054382,0.4044184684753418,0.732940074438647,0.3522897245998182,0.004095121588264277,-2.444525392556668e-06,0.004132894342418127
0.762154757976532,0.3913969397544861,0.7291649555840158,0.3391265141924687,0.004126501545330256,-2.287947727519281e-06,0.004165151097124168
0.7544967532157898,0.380129337310791,0.7220527468330055,0.3280375302589953,0.004157957283303102,-1.9687955124385843e-06,0.004197273322147105
0.7448770999908447,0.37048226594924927,0.7129815224690567,0.3189495282849543,0.004189550524280241,-1.5504516556419583e-06,0.004229226837197975
0.7345470190048218,0.36160004138946533,0.7032494715045469,0.3106700088178172,0.004221268551043945,-1.101156159467605e-06,0.004261074829422248
0.723720371723175,0.3533303737640381,0.6930322210447594,0.3029478063346351,0.004253085758134195,-6.451099193796956e-07,0.004292846278975946
0.7120717167854309,0.3462655246257782,0.6820213694373445,0.2964197455064187,0.004285007815444094,-2.02783389236985e-07,0.004324519476467641
0.6992430686950684,0.3416796624660492,0.6696157562161843,0.2919411668997371,0.004317055358529096,1.7787961889867998e-07,0.004356051427447804
0.685725212097168,0.3399849236011505,0.6563519034746235,0.2899411983556153,0.004349207840401978,4.446526749546527e-07,0.004387466154497576
0.672103226184845,0.3397705554962158,0.6428499842531589,0.28943456517942606,0.004381422099986999,6.035544676184847e-07,0.004418831878956395
0.6584795713424683,0.3397705554962158,0.6292326966313817,0.28944645215976395,0.004413670963040275,6.915027327982016e-07,0.004450187945744155
0.6448559165000916,0.3397705554962158,0.6155832565262772,0.2894375421648381,0.004445940140679519,7.441780680019696e-07,0.004481545699674069
0.6312322616577148,0.3397705554962158,0.6019182699639216,0.28942546009210157,0.004478221367268336,7.757796443616451e-07,0.0045129037893903295
0.6176086068153381,0.3397705554962158,0.588483676744901,0.2894208281309365,0.004510509741860786,7.948347918859566e-07,0.004544262038665979
0.6039849519729614,0.3397705554962158,0.5751079342327888,0.28940971095897555,0.00454280235719023,8.065452242399428e-07,0.004575617769242475
0.5903612971305847,0.3397705554962158,0.5617598167429836,0.28938433770561195,0.004575097487094948,8.144267977436672e-07,0.004606973066841493
0.576737642288208,0.3397705554962158,0.5484318657242734,0.28935858987877267,0.004607394109545141,8.198638359357582e-07,0.00463832809373764
0.5631139874458313,0.3397705554962158,0.5352090473034438,0.28930696611948725,0.004639691611165728,8.249413753357985e-07,0.0046696829327072505
0.5494903326034546,0.3397705554962158,0.5220732849032029,0.2893063419591543,0.004671989645114331,8.273301745901891e-07,0.004701036639831813
0.5358666777610779,0.3397705554962158,0.508910990035545,0.2893062682335597,0.004704287992247204,8.287450666253208e-07,0.004732389499681837
0.5222430229187012,0.3397705554962158,0.49572734926900225,0.28928634767096595,0.004736586523931211,8.304274182657082e-07,0.00476374270406421
0.5086193680763245,0.3397705554962158,0.4826905572405328,0.2892666632778077,0.00476888516557935,8.320080042290497e-07,0.004795096111104047
0.49499571323394775,0.3397705554962158,0.469745149454582,0.28927575985059995,0.004801183873479811,8.323048009948058e-07,0.004826447946607144
0.48137205839157104,0.3397705554962158,0.45673810646861324,0.28927412329962404,0.004833482620612674,8.326724110571763e-07,0.0048577989313764594
0.46774840354919434,0.3397705554962158,0.4436864044982806,0.2892502781955857,0.0048657813891078115,8.338866949064464e-07,0.004889150625319039
0.4541247487068176,0.3397705554962158,0.43069722299533353,0.289226562129214,0.004898080170858253,8.353059161174907e-07,0.004920502741287002
0.4405010938644409,0.3397705554962158,0.4177515491253157,0.2891588752182123,0.004930378947249673,8.387378602657184e-07,0.004951854176916902
0.4268774390220642,0.3397705554962158,0.4047806047752457,0.2890913752456642,0.004962677724602009,8.427723585280388e-07,0.004983205211505943
0.4132537841796875,0.3397705554962158,0.3918104263834113,0.2890514240680752,0.004994976512259468,8.459862153320116e-07,0.005014556534666333
0.3996301293373108,0.3397705554962158,0.3788420778407801,0.2890615025758961,0.005027275308031277,8.469381852727706e-07,0.005045907815070559
0.3860064744949341,0.3397705554962158,0.365796767584165,0.28907127661436904,0.005059574107030522,8.472214251117924e-07,0.005077259078792713
0.3723828196525574,0.3397705554962158,0.3525881176753123,0.2890751531216712,0.005091872908197441,8.473551034434899e-07,0.005108611155111787
0.35875916481018066,0.3397705554962158,0.33927484070294495,0.2890069298693729,0.005124171695998574,8.503448247486574e-07,0.0051399649106149015
0.34513550996780396,0.3397705554962158,0.3257863743873589,0.28893805682065177,0.005156470480452638,8.540786911086439e-07,0.005171319673219628
0.33151185512542725,0.3397705554962158,0.31218585268084614,0.28895662657417803,0.005188769276444249,8.546369834530989e-07,0.005202676229069324
0.31788820028305054,0.3397705554962158,0.2982659041012871,0.28897527608211704,0.005221068075055446,8.544421580873453e-07,0.005234033868572958
0.30426454544067383,0.3397705554962158,0.28425063755265706,0.28894459649204474,0.005253366873592067,8.557804951967151e-07,0.0052653949226573946
0.2906408905982971,0.3397705554962158,0.27024605647576827,0.2889462819982556,0.005285665675257602,8.561288414776126e-07,0.005296756784651149
0.2770172357559204,0.3397705554962158,0.25625213926545326,0.28888617696932684,0.005317964467698984,8.587356982268565e-07,0.0053281184764103345
0.2633935809135437,0.3397705554962158,0.24234039354503986,0.2888262129651448,0.0053502632578309554,8.619272638959931e-07,0.005359480069329152
0.24977533519268036,0.3401544690132141,0.22846617443189499,0.2891074321184429,0.005382561828438675,8.518562034579442e-07,0.005390840772263849
0.23685184121131897,0.3444657623767853,0.21562680544534807,0.29344560004775616,0.005414803992012244,6.769341772465063e-07,0.005422218753598469
0.22611726820468903,0.3528546094894409,0.20479765486724613,0.3009733085529335,0.005446900430076551,3.4168058888553323e-07,0.005453686151285477
0.21676243841648102,0.36275869607925415,0.19599362711740162,0.31041501285516054,0.005478822680356871,-8.434969403141981e-08,0.005485301784378534
0.20860593020915985,0.3736708462238312,0.18805745020577436,0.32077084199837236,0.005510625700446621,-5.347481555044953e-07,0.005517054679925163
0.2010299414396286,0.3849937617778778,0.18108896489331786,0.33143005467031583,0.005542345615155492,-9.818254670528716e-07,0.005548917313226247
0.1936073750257492,0.3964178264141083,0.17438751511286657,0.3419731006055798,0.005574022223783711,-1.4237169973601334e-06,0.005580845482633532
0.18620146811008453,0.4078527092933655,0.16775614287814794,0.3523895408594764,0.005605676109359392,-1.8623419419476642e-06,0.005612811490767987
0.17879556119441986,0.4192875921726227,0.16115957633403782,0.36272657441624634,0.005637316714554135,-2.299067731554412e-06,0.00564479981299135
0.1713896542787552,0.4307224750518799,0.15458337411571887,0.37301632768301823,0.005668949445803627,-2.734674667380082e-06,0.005676801361318337
0.16398374736309052,0.4421573579311371,0.14801973579740024,0.38327834124790977,0.005700577480282702,-3.169609553778405e-06,0.005708810777666656
0.15657784044742584,0.4535922408103943,0.14146362475680677,0.39352394353872044,0.0057322027177190305,-3.604141574561e-06,0.005740824871909681
0.14917193353176117,0.4650271236896515,0.1348782562308553,0.4038120486352352,0.0057638262878085674,-4.038431193256765e-06,0.005772841749280483
0.14178912341594696,0.4764769375324249,0.12828422254627384,0.41413623466851934,0.005795448778069528,-4.472046370384887e-06,0.005804860993856139
0.1344294250011444,0.4879416227340698,0.12172854988691742,0.4244357459863449,0.005827069993147321,-4.904965891184046e-06,0.0058368822773332595
0.12708385288715363,0.4994153380393982,0.11518689816671873,0.4347098161375023,0.005858690310797342,-5.3378977714576805e-06,0.005868904285708282
0.11975239962339401,0.5108981132507324,0.10866427826527174,0.44497560488422894,0.005890309584736357,-5.770598911545264e-06,0.0059009272340193345
0.1124209463596344,0.5223808884620667,0.1021468427878484,0.4552325935885451,0.005921928397623711,-6.203235761839712e-06,0.005932950583620555
0.10508949309587479,0.5338636636734009,0.09563243105951878,0.46548432708113274,0.005953546939556879,-6.635835651615038e-06,0.005964974168770298
0.09775803983211517,0.5453464388847351,0.08911805275195639,0.4757318230404236,0.005985165407855906,-7.068454407747548e-06,0.0059969978066224516
0.09042658656835556,0.5568292140960693,0.08260135063401938,0.4859753137068215,0.0060167839726202816,-7.501150003494415e-06,0.006029021335548565
0.08313920348882675,0.568340003490448,0.07612162659965642,0.4962407412236567,0.006048400761456724,-7.933029594362453e-06,0.006061046628474858
0.07589598745107651,0.5798786282539368,0.06967322696610215,0.5065249912950263,0.0060800155342720175,-8.36396160951773e-06,0.00609307392672251
0.06867227703332901,0.5914294719696045,0.0632358894243154,0.5168156428726891,0.006111629047101708,-8.794293864479917e-06,0.006125102483766467
0.06149568036198616,0.6030096411705017,0.05682321635141017,0.5271213722463417,0.006143240776200454,-9.223765617460792e-06,0.006157132820177962
0.054346710443496704,0.6146069169044495,0.05042658784819929,0.5374368830458274,0.006174851037182059,-9.652520681431536e-06,0.00618916462436692
0.04719774052500725,0.6262041926383972,0.04400608031504419,0.547788257805606,0.006206460714192801,-1.0080988773416005e-05,0.006221197016849394
0.04005882143974304,0.6378076076507568,0.03757153064512694,0.5581733038463624,0.0062380700993128705,-1.0508962859381503e-05,0.006253230138838739
0.033120762556791306,0.6495322585105896,0.031202447004340987,0.5687845421216094,0.006269672341002156,-1.0933066382706515e-05,0.006285270651179431
0.02668597362935543,0.6615405082702637,0.025183080683498105,0.5799039270308906,0.006301251280481948,-1.1343094187489901e-05,0.0063173350178637
0.02138720266520977,0.6740914583206177,0.019907741420553175,0.5920843632865672,0.006332781528683671,-1.1718628501843385e-05,0.00634944583517695
0.019563497975468636,0.6849404573440552,0.017726423009735943,0.6034195609229644,0.006364168426159571,-1.1990819555969142e-05,0.006381638869367671
