t_wall,t_rel,step,speed_cmd,heading_cmd,obs_heading,obs_speed,enc_vx_cm_s,enc_vy_cm_s,enc_speed_m_s,imu_yaw_deg,gyro_z_deg_s,z_heading,z_speed,odom_x,odom_y,ekf_x,ekf_y,ekf_heading,ekf_speed,nu_heading,nu_speed,nis,P_xx,P_xy,P_yy
1787280425.0026796,14.446329299998979,0.0,0.11999999731779099,0.0,-0.02704024314880371,0.09669757634401321,0.0,0.0,0.0,0.0,0.0,0.0,0.0,0.0,0.0,0.0,0.0014088177292376216,0.0,0.04021749430731807,0.0,-0.049951653929137266,1.8601207014224077,3.2251074579071244e-05,0.0,3.59513024975335e-05
1787280425.1074276,14.550371999999697,1.0,0.11999999731779099,0.0,0.031659603118896484,0.10179043561220169,0.0,0.0,0.0,-0.0,0.0,0.0,0.0,0.0,0.0,0.0,0.005731871019387477,0.0,0.0680908955543695,0.0,-0.07468595460498684,4.708734754061611,6.352221100650927e-05,0.0,7.25434740295442e-05
1787280425.2004662,14.64300109999931,2.0,0.11999999731779099,0.0,-0.026553630828857422,0.10301173478364944,0.0,0.0,0.0,0.06255725026130676,0.8876270651817322,-0.001091829988054016,0.0,0.0,0.0,0.0,0.012504018757617797,-0.00024627744091443304,0.08691364892320924,-0.001091829988054016,-0.09182847179004479,7.390041073915842,9.481315286754836e-05,0.0,0.00010831404227941263
1787280425.3024828,14.745064499998989,3.0,0.11999999731779099,0.0,-0.021543264389038086,0.14374271035194397,0.0,0.0,0.0,0.06255725026130676,0.8876270651817322,-0.001091829988054016,0.0,0.0,0.0,-1.1963074351845772e-06,0.021141472739102544,-0.00024627744091443304,0.09910435202037524,-0.001091829988054016,-0.10340471862965775,9.488846701070173,0.0001261211393682683,-2.3853945112658806e-10,0.00014302445319120354
1787280425.4072263,14.85043339999902,4.0,0.11999999731779099,0.0,0.008260726928710938,0.11711017042398453,0.0,0.0,0.0,0.35936465859413147,5.202070713043213,-0.00627209650777294,0.0,-1.5103000805538613e-05,0.00038825429510325193,-2.503821646269105e-06,0.031075461649816172,-0.0014147586107760013,0.10675182990403627,-0.00627209650777294,-0.11090216522718103,10.965003277070807,0.00015744174365451327,-4.424547306925008e-10,0.00017688725683892833
1787280425.5123858,14.955038899999636,5.0,0.11999999731779099,0.0,0.028949499130249023,0.09792018681764603,0.0,0.0,0.0,0.7684675455093384,0.0,-0.01341228886385748,0.0,7.636451482539997e-05,0.0011653430992737412,-1.0576765324831961e-05,0.04185722765304891,-0.003025328315156006,0.1114480931656862,-0.01341228886385748,-0.11560546712711971,11.943163369132801,0.00018877089697025452,-1.257010776838527e-09,0.00021016337056289775
1787280425.617707,15.06013349999921,6.0,0.11999999731779099,0.0,-0.017115116119384766,0.08263836055994034,0.0,0.0,0.0,0.7684675455093384,0.0,-0.01341228886385748,0.0,7.636451482539997e-05,0.0011653430992737412,-2.8400966560517732e-05,0.053172471207733704,-0.003025328315156006,0.11429340687012865,-0.01341228886385748,-0.11849373228553509,12.553388818044702,0.00022010554286153763,-2.740151707221887e-09,0.00024306001267089422
1787280425.8426855,15.285276999999041,7.0,0.11999999731779099,0.0,0.008459091186523438,0.10825283825397491,-0.14034680789336562,7.681757211685181,0.07683039182886102,-0.7999080419540405,-4.013498306274414,0.013961029045278739,0.07683039182886102,-0.00012801532284356654,0.016799233853816986,-4.6814675823351135e-05,0.06524374631225284,0.0031491042959275184,0.11871259577879702,0.013961029045278739,-0.043413246707546316,1.698212738786558,0.00025144360624507607,-4.214744114530968e-09,0.0002757200024212328
1787280425.948312,15.390692399998443,8.0,0.11999999731779099,0.0,0.013065099716186523,0.07714971154928207,-0.14034680789336562,7.681757211685181,0.07683039182886102,-0.7999080419540405,-4.013498306274414,0.013961029045278739,0.07683039182886102,-0.00012801532284356654,0.016799233853816986,-2.6832139702372547e-05,0.07769724735028251,0.0031491042959275184,0.12133754505819812,0.013961029045278739,-0.046131107407050245,1.9157329362590119,0.0002827871083076638,-3.574020153497831e-09,0.00030823542274964
1787280426.0524423,15.495495899998787,9.0,0.11999999731779099,0.0,-0.003690958023071289,0.13076791167259216,-1.2210455723106861,11.509083956480026,0.11573675553036963,-0.18345394730567932,33.78445816040039,0.003201875406264154,0.11573675553036963,-0.0009605598170310259,0.0327034555375576,-6.528067861275383e-06,0.09056538367674513,0.0007222275352476437,0.12426491284882966,0.003201875406264154,-0.008839122866993954,0.0705684482377248,0.0003141339208704445,-2.587695393317088e-09,0.00034066357683249627
1787280426.1572082,15.600640199998452,10.0,0.11999999731779099,0.0,0.027429819107055664,0.09363687038421631,0.42521748691797256,14.054922759532928,0.14061353551049682,0.3626168966293335,-15.2108154296875,-0.006328858769545587,0.14061353551049682,-0.0013511128490790725,0.05212648957967758,-1.7441564507567134e-06,0.10378967504439174,-0.001427562128468729,0.1268770127084318,-0.006328858769545587,0.014237286494093893,0.18409569688903027,0.00034548449148302866,-2.129055898115177e-09,0.00037303942366451214
1787280426.2619112,15.704916900000171,11.0,0.11999999731779099,0.0,-0.03843998908996582,0.12237638235092163,0.7263419218361378,14.955230057239532,0.14972858065592465,0.7571808695793152,15.442912101745605,-0.013215299207272935,0.14972858065592465,-0.0004989774315617979,0.07463144510984421,-1.1292983567478104e-05,0.11726777280641258,-0.0029808945580316326,0.12874752540638562,-0.013215299207272935,0.021745855044310564,0.4355857546198567,0.0003768384756092972,-2.344744541339483e-09,0.0004053840451555797
1787280426.3532386,15.795921699998871,12.0,0.11999999731779099,0.0,-0.04604291915893555,0.06687858700752258,0.7263419218361378,14.955230057239532,0.14972858065592465,0.7571808695793152,15.442912101745605,-0.013215299207272935,0.14972858065592465,-0.0004989774315617979,0.07463144510984421,-3.15251283405867e-05,0.13089799002278457,-0.0029808945580316326,0.12985743661295482,-0.013215299207272935,0.020595464541718622,0.3920713624043213,0.0004081949399899112,-3.188024760853982e-09,0.0004377100713058982
1787280426.4576514,15.900187499999447,13.0,0.11999999731779099,0.0,-0.01944136619567871,0.1410357803106308,-0.19139640498906374,12.087037414312363,0.12088552685860687,-0.6113380193710327,-19.711971282958984,0.01066986128064551,0.12088552685860687,5.0980685045942664e-05,0.09581667184829712,-5.18068656191969e-05,0.14449147287791472,0.0024067356272130525,0.1295016639484872,0.01066986128064551,-0.008930199596686034,0.0798041265429628,0.000439552890284956,-4.2572145319326105e-09,0.0004700250403782967
1787280426.5656753,16.00811539999995,14.0,0.11999999731779099,0.0,0.01781463623046875,0.12507225573062897,-0.6145977415144444,11.379698663949966,0.11396283256666591,-0.9117158055305481,2.020746946334839,0.015912442648980285,0.11396283256666591,-0.0009056780836544931,0.11814998090267181,-3.5432401999254166e-05,0.15802560475528618,0.003589272777965391,0.12904709454720825,0.015912442648980285,-0.015634088908188695,0.23739793326050107,0.0004709103616555894,-3.9531116762868485e-09,0.0005023334405984064
1787280426.7729287,16.215575499998522,15.0,0.11999999731779099,0.0,0.008954286575317383,0.11011447012424469,0.29520399402827024,9.346159547567368,0.09350820482004503,-0.16551098227500916,-5.998647212982178,0.002888711588908688,0.09350820482004503,-0.0012779227690771222,0.13140283524990082,-1.1196035451165892e-05,0.17143321016837546,0.0006515890802050173,0.12805800380658314,0.002888711588908688,-0.03580915035056996,1.1461819977265766,0.0005022672259530729,-2.980888262282077e-09,0.000534637938951857
1787280426.8660524,16.308555599998726,16.0,0.11999999731779099,0.0,0.0029954910278320312,0.08630914986133575,0.9168535470962524,2.8989942744374275,0.030405243347232016,0.6010082960128784,-15.01109504699707,-0.010489573597225466,0.030405243347232016,-0.0004067574627697468,0.14100408554077148,-7.034077671735465e-06,0.1844845979055953,-0.0023660692324569688,0.12525186258382617,-0.010489573597225466,-0.09830380769614477,8.64140618399038,0.0005336227726946097,-2.5354931223134324e-09,0.0005669401230321819
1787280426.967917,16.410653799999636,17.0,0.11999999731779099,0.0,0.0075778961181640625,0.09738226234912872,0.9168535470962524,2.8989942744374275,0.030405243347232016,0.6010082960128784,-15.01109504699707,-0.010489573597225466,0.030405243347232016,-0.0004067574627697468,0.14100408554077148,-2.263205118799331e-05,0.1973060230119652,-0.0023660692324569688,0.12358674260291172,-0.010489573597225466,-0.096577993049111,8.340941711172935,0.0005649746260526255,-2.9931179819778407e-09,0.000599240932229504
1787280427.0721471,16.515328199999203,18.0,0.11999999731779099,0.0,0.007648944854736328,0.15000000596046448,0.265753548592329,2.04508975148201,0.02062284422723055,0.17913678288459778,6.5034003257751465,-0.00312652667276625,0.02062284422723055,0.0006695713382214308,0.14170867204666138,-3.786655695764846e-05,0.20994838244388048,-0.0007052315803233178,0.12225465517766423,-0.00312652667276625,-0.10533632095386998,9.91325447270612,0.0005963243198299057,-3.722734064647405e-09,0.0006315409256929365
1787280427.164789,16.608150599999135,19.0,0.11999999731779099,0.0,0.016762733459472656,0.043163903057575226,0.0,0.0,0.0,0.6010082960128784,1.1044034957885742,-0.010489573597225466,0.0,0.0007009505643509328,0.14240595698356628,-4.218179018825635e-05,0.22239175307450484,-0.0023660692324569688,0.12073894286360602,-0.010489573597225466,-0.12513991347310452,13.998329373547929,0.0006276723018905811,-4.144835251000209e-09,0.0006638404357884838
1787280427.2840111,16.726968599999964,20.0,0.11999999731779099,0.0,-0.0019817352294921875,0.13783207535743713,0.0,0.0,0.0,0.6010082960128784,1.1044034957885742,-0.010489573597225466,0.0,0.0007009505643509328,0.14240595698356628,-5.6979409621253235e-05,0.2347107790274564,-0.0023660692324569688,0.11983954280687811,-0.010489573597225466,-0.12420772998530376,13.7906781807083,0.0006590183550552681,-5.003216697556488e-09,0.0006961396580956602
1787280427.372128,16.81532249999873,21.0,0.11999999731779099,0.0,0.04313349723815918,0.0610237643122673,0.0,0.0,0.0,0.8251939415931702,1.1672074794769287,-0.014402351248310463,0.0,0.0007009505643509328,0.14240595698356628,-7.159816140321396e-05,0.24695602485526222,-0.0032486506575137852,0.11930585282804194,-0.014402351248310463,-0.1236545868366781,13.675518234699975,0.0006903632726707103,-5.972221437899876e-09,0.0007284387098558952
1787280427.4656231,16.908458699999755,22.0,0.11999999731779099,0.0,0.003742694854736328,0.08521474152803421,0.0,0.0,0.0,0.9106420874595642,-0.6435102820396423,-0.015893702733403625,0.0,0.0007009505643509328,0.14240595698356628,-9.163610340431076e-05,0.2591574826533003,-0.0035850457293391536,0.11898916950831395,-0.015893702733403625,-0.1233263603115905,13.606494320701891,0.0007217075202046211,-7.257842760289338e-09,0.0007607376597097145
1787280427.6716,17.11531289999948,23.0,0.11999999731779099,0.0,0.021969318389892578,0.118546262383461,0.0,0.0,0.0,1.0851635932922363,0.0,-0.01893967762572224,0.0,0.0009053622488863766,0.1427108198404312,-0.00011364404842752197,0.2713329583200099,-0.004272107735125097,0.11880125455875447,-0.01893967762572224,-0.12313159580464922,13.571589352774648,0.0007530513714482778,-8.747537987470727e-09,0.0007930365489893934
1787280427.765027,17.208149899999626,24.0,0.11999999731779099,0.0,-0.012837648391723633,0.06004200875759125,0.4594237543642521,1.6308598220348358,0.0169433584191613,0.8441829085350037,-2.0494613647460938,-0.014733771242998017,0.0169433584191613,0.0009146326337940991,0.14274346828460693,-0.00013996380484218267,0.2835667423665806,-0.0033234070472927257,0.11928561956474547,-0.014733771242998017,-0.10607266716054117,10.067911553572518,0.0007843949885260078,-1.0523533873205379e-08,0.0008253354016605622
1787280427.867794,17.31041550000009,25.0,0.11999999731779099,0.0,-0.02207159996032715,0.11968863010406494,0.4594237543642521,1.6308598220348358,0.0169433584191613,0.8441829085350037,-2.0494613647460938,-0.014733771242998017,0.0169433584191613,0.0009146326337940991,0.14274346828460693,-0.0001603402632572421,0.29584031738018945,-0.0033234070472927257,0.11957303421731708,-0.014733771242998017,-0.10637055816298638,10.124447938557175,0.0008157392117447885,-1.2135954218408429e-08,0.0008576342338806418
1787280427.9721932,17.415231899998616,26.0,0.11999999731779099,0.0,0.02019047737121582,0.11128845810890198,-0.7332815788686275,2.144596353173256,0.022664940749872024,-1.0046364068984985,-4.7645978927612305,0.017534213085784067,0.022664940749872024,0.0008015249622985721,0.1445414423942566,-0.00018080545817399866,0.3081623948174822,0.003955085658447377,0.11994480049432191,0.017534213085784067,-0.10082573971470522,9.104888492010854,0.0008470837958262991,-1.3737126345633256e-08,0.000889933053639404
1787280428.0802565,17.522757699998692,27.0,0.11999999731779099,0.0,0.024825572967529297,0.14612841606140137,-0.5531006492674351,1.628326065838337,0.01719699422837786,-1.0645920038223267,1.5417587757110596,0.01858063565710344,0.01719699422837786,-0.0001839758042478934,0.14720122516155243,-0.0001554171258664403,0.3204911999155763,0.004191120824910577,0.11997310188244895,0.01858063565710344,-0.10652232750376103,10.162948821429707,0.0008784288431006863,-1.3264607983699573e-08,0.0009222318653518898
1787280428.1826048,17.625578799999857,28.0,0.11999999731779099,0.0,0.003651857376098633,0.15000000596046448,-0.5531006492674351,1.628326065838337,0.01719699422837786,-1.0645920038223267,1.5417587757110596,0.01858063565710344,0.01719699422837786,-0.0001839758042478934,0.14720122516155243,-0.00012894603011296655,0.332822327489641,0.004191120824910577,0.11998989548548444,0.01858063565710344,-0.10653973323864172,10.166261858160645,0.0009097739284412757,-1.2150368316981677e-08,0.0009545306722231851
1787280428.2881012,17.73056489999908,29.0,0.11999999731779099,0.0,-0.01299738883972168,0.0844176858663559,0.2735914895310998,2.86733228713274,0.02880355316272233,-0.2185032218694687,-1.1042183637619019,0.003813600647837756,0.02880355316272233,-0.0005339765921235085,0.14888639748096466,-0.0001026632661052759,0.3452053411392777,0.0008602106724446834,0.12040804465821145,0.003813600647837756,-0.09494350259635186,8.054103940862444,0.0009411190364789634,-1.0676590300873872e-08,0.00098682947630838
1787280428.3920958,17.835129799999777,30.0,0.11999999731779099,0.0,-0.027445316314697266,0.08563370257616043,0.3532733069732785,0.25044737849384546,0.004330426293268086,-0.06852804124355316,7.805395603179932,0.0011960399496424579,0.004330426293268086,-0.0002838146174326539,0.14977103471755981,-9.763359272771345e-05,0.3575162217564896,0.0002697834472877858,0.11979548714502698,0.0011960399496424579,-0.1196737968389536,12.794683700196169,0.0009724646707441491,-9.935315124277397e-09,0.0010191282811288238
1787280428.6023433,18.0455965000001,31.0,0.11999999731779099,0.0,0.03731536865234375,0.12578248977661133,0.3842927049845457,1.5264932997524738,0.015741228278928984,-0.2185032218694687,-0.9585428237915039,0.003813600647837756,0.015741228278928984,0.0006562804337590933,0.1513219177722931,-9.6197203040091e-05,0.36982645951147847,0.0008602106724446834,0.11983330470637854,0.003813600647837756,-0.10788626373233874,10.399339064713482,0.0010038095320374439,-9.496119267388951e-09,0.0010514270857228836
1787280428.7075272,18.150435899999138,32.0,0.11999999731779099,0.0,0.014975309371948242,0.09116291254758835,-0.4982348997145891,4.044827818870544,0.04075398152279437,-0.11014342308044434,0.0,0.001922365382170721,0.04075398152279437,0.0006729774177074432,0.15546537935733795,-9.089336745397792e-05,0.3822486448662869,0.0004336162516174191,0.1207354035759665,0.001922365382170721,-0.08289676879805746,6.139353274884552,0.0010351544410793008,-9.01550968015041e-09,0.0010837258900579297
1787280428.812399,18.25568639999983,33.0,0.11999999731779099,0.0,-0.013553857803344727,0.09828738868236542,-0.4982348997145891,4.044827818870544,0.04075398152279437,-0.11014342308044434,0.0,0.001922365382170721,0.04075398152279437,0.0006729774177074432,0.15546537935733795,-8.825334315693257e-05,0.39474490423918135,0.0004336162516174191,0.12127069499847089,0.001922365382170721,-0.08345157175294152,6.2218022006667635,0.0010665004891656147,-8.68489870837792e-09,0.0011160246943478036
1787280428.9167962,18.36009809999996,34.0,0.11999999731779099,0.0,0.0038299560546875,0.14875009655952454,-0.9096022695302963,2.801315113902092,0.029452916079924844,0.07132624834775925,21.30644416809082,-0.0012448778767635282,0.029452916079924844,-0.0001459245540900156,0.15857942402362823,-8.559201460083293e-05,0.40723594073197683,-0.00028079952107429307,0.1211908882006907,-0.0012448778767635282,-0.09508184863032396,8.076612797073805,0.0010978472164169927,-8.404873880387858e-09,0.0011483234985860352
1787280429.0221367,18.4653776999985,35.0,0.11999999731779099,0.0,0.016303539276123047,0.0926847904920578,0.1415994600392878,3.4869931638240814,0.03489867007729563,0.480512797832489,-12.6339750289917,-0.008386530420146698,0.03489867007729563,-0.0006774803041480482,0.1663867086172104,-8.745697323228777e-05,0.4197441215805053,-0.00189169859101046,0.12133505054583735,-0.008386530420146698,-0.08958701237742556,7.175267046755226,0.0011291938421461604,-8.357037244183355e-09,0.001180622302809088
1787280429.1276982,18.57055330000003,36.0,0.11999999731779099,0.0,0.0010285377502441406,0.12305433303117752,0.1415994600392878,3.4869931638240814,0.03489867007729563,0.480512797832489,-12.6339750289917,-0.008386530420146698,0.03489867007729563,-0.0006774803041480482,0.1663867086172104,-9.955015841509707e-05,0.43226413430873223,-0.00189169859101046,0.1214205942366751,-0.008386530420146698,-0.08967567416136826,7.189465928084871,0.0011605406511888039,-8.838948776599399e-09,0.0012129211065230103
1787280429.2321265,18.675387399998726,37.0,0.11999999731779099,0.0,-0.03468465805053711,0.14871732890605927,0.5403254181146622,8.233236521482468,0.08250947532019187,0.5492960810661316,15.769586563110352,-0.009587025182905773,0.08250947532019187,-0.0002892710908781737,0.17705029249191284,-0.00011166480072942593,0.4449983501793283,-0.0021624868833622912,0.12314575038602106,-0.009587025182905773,-0.042117479440498456,1.5916304939431107,0.0011918875693659311,-9.490938986028429e-09,0.0012452199100915055
1787280429.3380463,18.780715799999598,38.0,0.11999999731779099,0.0,0.03583335876464844,0.0913657620549202,0.2656179014593363,9.089385718107224,0.09093265948057784,-0.8807116746902466,-16.32424545288086,0.015371318484098229,0.09093265948057784,0.00046043770271353424,0.19014602899551392,-0.00012567280931534742,0.45791087375717765,0.003467214695661358,0.12446566109436134,0.015371318484098229,-0.03475528954754874,1.0968848320072007,0.001223236695189997,-1.0318157285226945e-08,0.0012775187134209769
1787280429.5321598,18.975144,39.0,0.11999999731779099,0.0,0.02997422218322754,0.11581523716449738,0.4498847760260105,15.409830212593079,0.15416395930717608,-0.7514739632606506,25.917709350585938,0.013115694901909336,0.15416395930717608,0.0008432429167442024,0.2064341902732849,-0.0001028018133483896,0.47120691724743097,0.002958427421483112,0.12747261921708092,0.013115694901909336,0.027664247415955828,0.6966337920719218,0.001254587525401363,-9.642535617545922e-09,0.001309817515626048
1787280429.638412,19.08116719999998,40.0,0.11999999731779099,0.0,-0.03073716163635254,0.14091114699840546,0.4388416651636362,15.29817283153534,0.15304465818531843,-0.7404568195343018,-6.841760635375977,0.012923409469718816,0.15304465818531843,0.0016845004865899682,0.22717252373695374,-8.28547506907323e-05,0.48474500244171503,0.0029150547676057847,0.12921753731547508,0.012923409469718816,0.02469562654884741,0.5573960735516044,0.0012859422967960094,-8.722212447342857e-09,0.0013421163179550702
1787280429.730872,19.17356269999982,41.0,0.11999999731779099,0.0,0.00846242904663086,0.15000000596046448,-0.5364180542528629,15.93712866306305,0.15946153591131443,0.3071048855781555,11.783299446105957,-0.005359991402299258,0.15946153591131443,0.001719498890452087,0.2525336444377899,-6.292817787756662e-05,0.49845428966011907,-0.0012090206170598528,0.13047861586894777,-0.005359991402299258,0.030039356142575024,0.8082973885601663,0.0013172993897119854,-7.623785553035579e-09,0.001374415120248701
1787280429.8330758,19.27560420000009,42.0,0.11999999731779099,0.0,0.03218984603881836,0.12637768685817719,-0.5364180542528629,15.93712866306305,0.15946153591131443,0.3071048855781555,11.783299446105957,-0.005359991402299258,0.15946153591131443,0.001719498890452087,0.2525336444377899,-7.115422859141625e-05,0.5122671384889491,-0.0012090206170598528,0.1312269202461444,-0.005359991402299258,0.029263775847116813,0.7672077651810929,0.0013486581742166762,-7.558976884787738e-09,0.001406713923485581
1787280429.9372554,19.380414299999757,43.0,0.11999999731779099,0.0,0.022274255752563477,0.11565939337015152,-1.1649113148450851,17.027725279331207,0.1706752608200231,0.37009432911872864,4.007655620574951,-0.006459364586081318,0.1706752608200231,8.729944238439202e-05,0.28444796800613403,-7.947029593703286e-05,0.5261902287154141,-0.0014569995306952244,0.1320653211775512,-0.006459364586081318,0.040017283485172,1.4337527452218162,0.001380017970059088,-7.750969033937875e-09,0.001439012726962459
1787280430.042377,19.484754499999326,44.0,0.11999999731779099,0.0,0.03884720802307129,0.09080645442008972,-0.3115617670118809,16.01089984178543,0.1601393095021795,0.09691328555345535,-17.49482536315918,-0.0016914559218332847,0.1601393095021795,-0.0013561059022322297,0.31733420491218567,-8.957754120716943e-05,0.54013631324997,-0.0003815314109396617,0.1321922826823832,-0.0016914559218332847,0.028965704302353346,0.749757072847539,0.0014113789044148258,-8.163456190464732e-09,0.0014713115304996742
1787280430.1329792,19.57613439999841,45.0,0.11999999731779099,0.0,0.02320718765258789,0.1291448175907135,-0.3115617670118809,16.01089984178543,0.1601393095021795,0.09691328555345535,-17.49482536315918,-0.0016914559218332847,0.1601393095021795,-0.0013561059022322297,0.31733420491218567,-9.224902116030897e-05,0.554092826278121,-0.0003815314109396617,0.13226761966241543,-0.0016914559218332847,0.028887621266876884,0.7457214294834709,0.0014427400116100865,-8.389186859511722e-09,0.0015036103343733598
1787280430.2372787,19.680389999999534,46.0,0.11999999731779099,0.0,0.013568639755249023,0.11035753041505814,0.28909342363476753,22.12291657924652,0.22124805377220597,0.03426402062177658,11.658074378967285,-0.000598019974821451,0.22124805377220597,-0.0016521100187674165,0.34994664788246155,-9.498008518218e-05,0.5683214407920016,-0.0001348917236438929,0.13446142023081514,-0.000598019974821451,0.0899500322794933,7.228231045311967,0.0014741012214503667,-8.595847886913368e-09,0.0015359091383622529
1787280430.4328384,19.875361299998985,47.0,0.11999999731779099,0.0,0.03402233123779297,0.11357797682285309,1.2472315691411495,16.59810245037079,0.16644896861803232,0.4279584586620331,-6.974680423736572,-0.007469284165412482,0.16644896861803232,-0.00033737890771590173,0.3788125813007355,-9.595030722345946e-05,0.5824917339661287,-0.0016848009395666885,0.1338359911678482,-0.007469284165412482,0.033801730228140314,1.0249124057595065,0.0015054654412607767,-8.722966577115085e-09,0.0015682079424369447
1787280430.5372574,19.98048259999996,48.0,0.11999999731779099,0.0,0.030892133712768555,0.14041344821453094,1.6024481505155563,10.60461774468422,0.10725006181161956,0.07912936806678772,-10.319931983947754,-0.0013810680077877002,0.10725006181161956,0.001978321000933647,0.40165066719055176,-0.00010767078581286408,0.5963530622730131,-0.0003115190995011119,0.1313829404513339,-0.0013810680077877002,-0.025012529280839385,0.5590548296936729,0.0015368287990638863,-9.249962123725932e-09,0.0016005067461695827
1787280430.641175,20.0846950999985,49.0,0.11999999731779099,0.0,0.0186920166015625,0.1013917624950409,0.15028805937618017,5.6744299829006195,0.056764198339827356,-1.112235426902771,-1.991176724433899,0.019412170256777994,0.056764198339827356,0.0033439015969634056,0.4185073673725128,-0.00010970972762025763,0.6097932807136338,0.00437868502032579,0.12815183129918561,0.019412170256777994,-0.07398973352260263,4.9190294999572375,0.00156818880646468,-9.506272613264447e-09,0.0016328055501949454
1787280430.838303,20.280811799999356,50.0,0.11999999731779099,0.05016728490591049,0.0285642147064209,0.1295185387134552,-0.40789125487208366,10.754749178886414,0.10762481367071403,-1.3539299964904785,-31.056615829467773,0.023630536280274228,0.10762481367071403,0.002454326720908284,0.43124207854270935,0.0002571064825716438,0.6231845049892732,0.04418155213321073,0.12802322791750387,-0.026536748625636264,-0.021141942544346426,0.4522640564222053,0.0015995445925226783,5.562312497552847e-09,0.0016651039398582305
1787280431.0472608,20.49060029999964,51.0,0.11999999731779099,0.20124118030071259,0.17330431938171387,0.11190368235111237,1.5978014096617699,5.737752094864845,0.05956069882635954,-1.3357410430908203,5.450142860412598,0.02331307915595815,0.05956069882635954,0.002976637566462159,0.44433456659317017,0.001889863332610141,0.6362606226756115,0.1611070221477604,0.1262565786445961,-0.17792810114475444,-0.06912696457684794,6.649297925970594,0.0016309035990948574,7.780502772895507e-08,0.00169739425449544
1787280431.3733473,20.816425299999537,52.0,0.11999999731779099,0.3563051223754883,0.3531663417816162,0.09486571699380875,1.1575964279472828,10.307502001523972,0.10372300950195043,-16.42739486694336,-105.10277557373047,0.2867121279533773,0.10372300950195043,0.007864780724048615,0.4709673821926117,0.005285168087932347,0.6490423314104434,0.34060745446072627,0.1267613942927979,-0.06959299442211098,-0.02387814080397238,0.8735138644069761,0.001662278951684491,2.4023655023898e-07,0.0017296536419111213
1787280431.546469,20.988933699998597,53.0,0.11999999731779099,0.6767510175704956,0.7121398448944092,0.15000000596046448,6.403109431266785,11.04031354188919,0.1276277138759445,-28.233623504638672,-168.9967041015625,0.4927696899244052,0.1276277138759445,0.01633434183895588,0.5057013034820557,0.01179649762834763,0.6607186663053993,0.635251469981152,0.1279016342492726,-0.18398132764609043,-0.0002839048528264776,2.5451192941806666,0.0016937245923096392,5.45544367116176e-07,0.0017618031789613652
1787280431.753147,21.195879499999137,54.0,0.11999999731779099,1.0998471975326538,1.143061876296997,0.1287020444869995,11.285600066184998,14.548566937446594,0.1841264697937912,-41.61439895629883,-59.96703338623047,0.7263082780259067,0.1841264697937912,0.02556849829852581,0.520770788192749,0.0221834062557069,0.6696259277955453,1.0155902983957938,0.1305652057466049,-0.3735389195067471,0.05551358813425303,13.244204755103059,0.001725342636519824,9.77544567475942e-07,0.001793698535351168
1787280431.947755,21.390924299999824,55.0,0.11999999731779099,1.309003233909607,1.3023359775543213,0.09737011045217514,15.968208014965057,1.7805524170398712,0.16067172561437837,-70.24613952636719,-78.22357177734375,1.2260264215504373,0.16067172561437837,0.043561309576034546,0.5257173776626587,0.03483637034553918,0.6751509990876877,1.290286659693253,0.13132086176710406,-0.08297681235916965,0.03042071160916962,1.3444158931577892,0.0017571788322812835,1.403723892483497e-06,0.00182533413786553
1787280432.2478936,21.690435099999377,56.0,0.11999999731779099,1.5298361778259277,1.5048902034759521,0.09785081446170807,8.876831084489822,-1.0275236330926418,0.0893610289327113,-84.47159576416016,-112.63848876953125,1.4743074704982906,0.0893610289327113,0.08291271328926086,0.5294530987739563,0.048273725633025434,0.6772717677131507,1.5173109054963856,0.129261373159918,-0.05552870732763715,-0.04135472370279894,1.7596778670941648,0.0017892002301375456,1.7187782693806943e-06,0.0018567766419185273
1787280432.4572885,21.899976799999422,57.0,0.11999999731779099,1.5707963705062866,1.560504674911499,0.11984303593635559,6.8819560110569,1.0646229609847069,0.06963816524520017,-90.02518463134766,-18.805511474609375,1.5712358815328145,0.06963816524520017,0.10456728935241699,0.5292606949806213,0.06162330900894567,0.6775626587082663,1.5708955083318195,0.1273456831246785,0.000439511026527839,-0.059810974158282904,3.1958875431559406,0.0018213366107669021,1.9056404428721752e-06,0.0018881418602894413
1787280432.5484064,21.990954099999726,58.0,0.11999999731779099,1.5707963705062866,1.5723159313201904,0.11047818511724472,6.8819560110569,1.0646229609847069,0.06963816524520017,-90.02518463134766,-18.805511474609375,1.5712358815328145,0.06963816524520017,0.10456728935241699,0.5292606949806213,0.07480689218624108,0.6775199455377137,1.5708955083318195,0.1262089424872456,0.000439511026527839,-0.058632798984780854,3.0712210152092165,0.0018535392028049362,2.0130611196032826e-06,0.0019194958765260852
1787280432.6532621,22.095778699998846,59.0,0.11999999731779099,1.5707963705062866,1.595496416091919,0.1279202401638031,3.767383098602295,0.4695942159742117,0.03796537124711237,-89.64231872558594,27.218324661254883,1.5645536108836415,0.03796537124711237,0.11195076256990433,0.5299040079116821,0.08775755485432532,0.6774811617728194,1.5693882292380206,0.1244205367968395,-0.006242759622645089,-0.08960648218044338,7.176025832149823,0.001885780944121627,2.0767214665405096e-06,0.001950848773151332
1787280432.7571938,22.199816999998802,60.0,0.11999999731779099,1.5707963705062866,1.5742113590240479,0.1344909816980362,7.2700135409832,0.6824961863458157,0.07301979042044401,-90.99178314208984,2.2268943786621094,1.5881062080901387,0.07301979042044401,0.11893009394407272,0.5302192568778992,0.1007028608335391,0.6774768743544112,1.5747008451492608,0.12459213255184881,0.017309837583852072,-0.05345216942003525,2.574985615636227,0.001918045897656559,2.114866041185246e-06,0.0019821995282429164
1787280432.8473618,22.29053449999992,61.0,0.11999999731779099,1.5707963705062866,1.5635387897491455,0.10399213433265686,7.2700135409832,0.6824961863458157,0.07301979042044401,-90.99178314208984,2.2268943786621094,1.5881062080901387,0.07301979042044401,0.11893009394407272,0.5302192568778992,0.11365978187719027,0.6774432531783467,1.5747008451492608,0.1246939548009305,0.017309837583852072,-0.05355770312053551,2.5850744914658335,0.00195032461684132,2.1362985409061003e-06,0.0020135504089126835
1787280432.9673114,22.409986799999388,62.0,0.11999999731779099,1.5707963705062866,1.59798264503479,0.15000000596046448,0.34132262226194143,-0.031576192122884095,0.0034278008748576576,-91.49595642089844,-24.201581954956055,1.5969056918059241,0.0034278008748576576,0.12219037115573883,0.5303846001625061,0.1263235473545686,0.6774071645503577,1.5766856911001899,0.12230693559520889,0.0261093212996375,-0.12321231472071913,13.613638129439712,0.001982611502657619,2.14826129291015e-06,0.002044901476340897
1787280433.1617885,22.605403199999273,63.0,0.11999999731779099,1.5707963705062866,1.6075212955474854,0.10888804495334625,0.47265905886888504,0.10437907185405493,0.004840470809455771,-91.31787872314453,0.0,1.5937976496557473,0.004840470809455771,0.12388427555561066,0.5304557681083679,0.13879536160875505,0.6773635467537275,1.5759846289610522,0.120940196908835,0.023001279149460707,-0.1203315958245873,12.975394893983454,0.0020149032309023066,2.154043491189266e-06,0.002076249479187498
1787280433.2679484,22.710533899999064,64.0,0.11999999731779099,1.5707963705062866,1.5298435688018799,0.09087979793548584,-0.23128599859774113,-0.16342750750482082,0.0028319915846731,-90.58866119384766,-5.462231159210205,1.581070402806259,0.0028319915846731,0.12542085349559784,0.5305033922195435,0.15114508267483684,0.6773274895113396,1.5731138214010176,0.12005856045274246,0.010274032299972369,-0.12149951234907425,13.195872588287203,0.002047197834224007,2.1565285354871433e-06,0.0021075957662192164
1787280433.3604596,22.80337099999997,65.0,0.11999999731779099,1.5707963705062866,1.5670320987701416,0.10398799180984497,0.0,0.0,0.0,-90.04920959472656,-1.1900687217712402,1.5716551962464473,0.0,0.12639832496643066,0.5304455757141113,0.16340944738158986,0.6773113049936861,1.5709900905980518,0.11943581449421635,0.000858825740160718,-0.12378928563876483,13.689753749788434,0.0020794941461827693,2.157808466341784e-06,0.0021389409542969823
1787280433.462829,22.905480100000204,66.0,0.11999999731779099,1.5707963705062866,1.578913927078247,0.10491124540567398,0.0,0.0,0.0,-90.04920959472656,-1.1900687217712402,1.5716551962464473,0.0,0.12639832496643066,0.5304455757141113,0.17562226421882507,0.6773092921490129,1.5709900905980518,0.11906628673929238,0.000858825740160718,-0.12340628848670078,13.605174466886835,0.002111791471783562,2.1587205669161873e-06,0.0021702853630469884
1787280433.5668073,23.010024999999587,67.0,0.11999999731779099,1.5707963705062866,1.6012718677520752,0.06721191108226776,0.22329457569867373,0.29373655561357737,0.0036897375467664223,-92.53604125976562,6.0527424812316895,1.6150585967442312,0.0036897375467664223,0.12591753900051117,0.5305247902870178,0.18782053462335022,0.6773076335723338,1.5807803313118383,0.11897677689036779,0.044262226237944624,-0.11948928639360239,12.902457871381003,0.002144089398612658,2.1592241336295045e-06,0.0022016293084524963
1787280433.6600518,23.103358799999114,68.0,0.11999999731779099,1.5707963705062866,1.5447304248809814,0.12571075558662415,0.0,0.0,0.0,-93.09242248535156,0.0,1.6247692810269871,0.0,0.1260504424571991,0.5305453538894653,0.19999510737647652,0.6772450107229074,1.5829707112252418,0.11879390097290814,0.05397291052070052,-0.12312397417770003,13.761970048772927,0.0021763876680275275,2.1567009332068166e-06,0.002232973143046691
1787280433.7621546,23.205484399999477,69.0,0.11999999731779099,1.5707963705062866,1.5882809162139893,0.08550256490707397,0.0,0.0,0.0,-93.09242248535156,0.0,1.6247692810269871,0.0,0.1260504424571991,0.5305453538894653,0.21215450261344546,0.6771695504984151,1.5829707112252418,0.11868538525107439,0.05397291052070052,-0.12301150302536383,13.737238966386272,0.0022086861383109335,2.152640857110951e-06,0.0022643167615770963
1787280433.8665228,23.310094699998444,70.0,0.11999999731779099,1.5707963705062866,1.6015732288360596,0.1396244913339615,0.0,0.0,0.0,-92.58866119384766,3.3990306854248047,1.6159769878461452,0.0,0.1260504424571991,0.5305453538894653,0.224304937578561,0.6770947318122169,1.5809874871994882,0.11862099371145182,0.045180617339858564,-0.12294476439487176,13.65702672576787,0.0022409847299776253,2.1478666328705617e-06,0.0022956602532565084
1787280434.0625293,23.505580999999438,71.0,0.11999999731779099,1.5707963705062866,1.57259202003479,0.12423481047153473,0.7617449853569269,-0.16090816352516413,0.0077855433966131475,-91.42040252685547,7.013772010803223,1.5955870275921722,0.0077855433966131475,0.1264721006155014,0.5304540395736694,0.23648400038019965,0.6770324910247172,1.5763882480444558,0.11885658988085959,0.02479065708588557,-0.11511961933412124,11.885520430531802,0.0022732833999857863,2.143233301732385e-06,0.002327003664232883
1787280434.167553,23.610371899998427,72.0,0.11999999731779099,1.5707963705062866,1.621126413345337,0.1054796576499939,1.638788916170597,-0.3063863143324852,0.01667183758730226,-88.87532043457031,14.490755081176758,1.5511669653482496,0.01667183758730226,0.12821270525455475,0.530100405216217,0.24872117101122204,0.6769988086081778,1.5663686851322929,0.11930890573016117,-0.019629405158037017,-0.106378219960789,10.138552990624232,0.002305582124812462,2.139814791383237e-06,0.0023583473588920604
1787280434.2600508,23.702776999998605,73.0,0.11999999731779099,1.5707963705062866,1.5431015491485596,0.13496030867099762,0.8434771560132504,-0.13352051610127091,0.008539797661163587,-86.70976257324219,-12.013870239257812,1.513370850525627,0.008539797661163587,0.13105690479278564,0.5296517610549927,0.2609601045828939,0.6770277290071163,1.5578432456986189,0.11929131207705561,-0.0574255199806597,-0.11478844022634882,12.019237005916594,0.0023378808805444764,2.1395507524358466e-06,0.0023896916024504686
1787280434.3787067,23.821259499998632,74.0,0.11999999731779099,1.5707963705062866,1.600762128829956,0.10760818421840668,0.8434771560132504,-0.13352051610127091,0.008539797661163587,-86.70976257324219,-12.013870239257812,1.513370850525627,0.008539797661163587,0.13105690479278564,0.5296517610549927,0.27319735451419264,0.6771093315222866,1.5578432456986189,0.11928087227725598,-0.0574255199806597,-0.11477761989272549,12.017017909890273,0.0023701796330203406,2.1426774068680176e-06,0.002421035830059397
1787280434.4824243,23.925220600000102,75.0,0.11999999731779099,1.5707963705062866,1.615633249282837,0.07784751057624817,1.6928000375628471,0.12253806926310062,0.016972293732997627,-90.65271759033203,-1.3545483350753784,1.5821883978318745,0.016972293732997627,0.13274802267551422,0.5296242237091064,0.2854704385489404,0.6771901095661946,1.5733660007301031,0.11957123485961238,0.011392027325587861,-0.10633870320340427,10.111830311692712,0.0024024783902509787,2.147046562538534e-06,0.0024523800609682466
1787280434.5872936,24.03058019999844,76.0,0.11999999731779099,1.5707963705062866,1.5719034671783447,0.08343540132045746,2.687743864953518,0.2605069428682327,0.027003390436902232,-88.53759002685547,9.827875137329102,1.5452724577495225,0.027003390436902232,0.13671372830867767,0.5296393036842346,0.2978112663634123,0.6771730142871352,1.5650390969521295,0.12009630911857909,-0.025523912756764133,-0.09648618339845164,8.365816442839025,0.0024347771732185523,2.1477397313485325e-06,0.0024837246365383334
1787280434.6927366,24.135145199999897,77.0,0.11999999731779099,1.5707963705062866,1.6083476543426514,0.11835374683141708,2.687743864953518,0.2605069428682327,0.027003390436902232,-88.53759002685547,9.827875137329102,1.5452724577495225,0.027003390436902232,0.13671372830867767,0.5296393036842346,0.31019516453869533,0.6772089656308911,1.5650390969521295,0.12040788000784439,-0.025523912756764133,-0.09680911113977708,8.4215805047002,0.002467075960417566,2.150016792597896e-06,0.002515069881941744
1787280434.798286,24.240838300000178,78.0,0.11999999731779099,1.5707963705062866,1.5582249164581299,0.10737138241529465,6.08808659017086,1.045504305511713,0.061772062926748514,-87.98279571533203,-13.6220703125,1.5355894703421038,0.061772062926748514,0.14435607194900513,0.5306668281555176,0.3227559401576714,0.6772452386867407,1.5628549644542158,0.12181551991245657,-0.03520690016418282,-0.06223205894327981,3.5530381284321604,0.002499374751324004,2.152482955071288e-06,0.0025464155218162506
1787280435.0072918,24.450441399998454,79.0,0.11999999731779099,1.5707963705062866,1.5591709613800049,0.08245088160037994,5.9494175016880035,0.1525094616226852,0.0595137192126958,-89.98214721679688,-28.501096725463867,1.570484736947357,0.0595137192126958,0.15447700023651123,0.5314450263977051,0.33542242378461534,0.6772957895723063,1.570726077222318,0.12257136917764555,-0.00031163355892971367,-0.06535612015773051,3.815936327816684,0.0025316735402136224,2.155674389577325e-06,0.0025777629530355536
1787280435.1123703,24.555556699999215,80.0,0.11999999731779099,1.5707963705062866,1.5829012393951416,0.07651565968990326,8.24919119477272,0.2136793453246355,0.08251958205816008,-90.54784393310547,-9.293047904968262,1.580358007214663,0.08251958205816008,0.16457511484622955,0.5315136909484863,0.3482511826474663,0.6772959044530047,1.572953130666071,0.12382895775491963,0.009561636708376398,-0.04281511479065474,1.644527443470766,0.002563972338148658,2.1568786525285233e-06,0.0026091113404895436
1787280435.2163115,24.66001529999994,81.0,0.11999999731779099,1.5707963705062866,1.5473768711090088,0.06290784478187561,6.448613107204437,0.1853153109550476,0.06451275282522304,-90.55967712402344,-3.41511869430542,1.5805645353571984,0.06451275282522304,0.1760644018650055,0.5317259430885315,0.3611048399564681,0.677281579297313,1.5729997159613793,0.12394191985680812,0.009768164850911809,-0.06159537793668246,3.396583476628797,0.0025962711379809754,2.156979947822246e-06,0.002640461345266959
1787280435.3269339,24.76935549999871,82.0,0.11999999731779099,1.5707963705062866,1.5802476406097412,0.09246799349784851,7.456083595752716,0.31872554682195187,0.07462892774323486,-89.8502197265625,-1.9393818378448486,1.5681821678688745,0.07462892774323486,0.1874413937330246,0.5320056080818176,0.374011792762802,0.6772671262352736,1.5702067007384493,0.12436471949767987,-0.0026142026374120775,-0.051548676232783266,2.3744159001717033,0.002628569939116466,2.156611052986413e-06,0.0026718114971153446
1787280435.4527473,24.89576979999947,83.0,0.11999999731779099,1.5707963705062866,1.59389328956604,0.08843275159597397,7.456083595752716,0.31872554682195187,0.07462892774323486,-89.8502197265625,-1.9393818378448486,1.5681821678688745,0.07462892774323486,0.1874413937330246,0.5320056080818176,0.38695346969217537,0.6772709890391599,1.5702067007384493,0.12461560222109729,-0.0026142026374120775,-0.05180870370647549,2.398425697361145,0.0026608687416683568,2.1567529144249487e-06,0.0027031621969035194
1787280435.5326803,24.975240399999166,84.0,0.11999999731779099,1.5707963705062866,1.5832159519195557,0.0928286761045456,7.795315235853195,0.006325087451841682,0.07795317801928041,-90.7794418334961,0.3899401128292084,1.5844001531171852,0.07795317801928041,0.20012465119361877,0.5321588516235352,0.39993021248892563,0.6772748410476027,1.5738648928997225,0.12488138068689847,0.013603782610898563,-0.048638749684392565,2.1273673767189156,0.002693167544861274,2.1569506428929232e-06,0.0027345132223549787
1787280435.625672,25.068730199998754,85.0,0.11999999731779099,1.5707963705062866,1.5680210590362549,0.12266813218593597,11.263370513916016,-0.06297335494309664,0.11263546554135848,-91.2375259399414,-11.351996421813965,1.592395229025712,0.11263546554135848,0.21361035108566284,0.5320825576782227,0.41307968419496,0.6772546036237342,1.575668293480593,0.12625881005934572,0.021598858519425335,-0.014119919498469219,0.2131875915816129,0.0027254663471614586,2.1561543729001244e-06,0.0027658645935010866
1787280435.7273204,25.170475399998395,86.0,0.11999999731779099,1.5707963705062866,1.590726613998413,0.08620516955852509,11.263370513916016,-0.06297335494309664,0.11263546554135848,-91.2375259399414,-11.351996421813965,1.592395229025712,0.11263546554135848,0.21361035108566284,0.5320825576782227,0.42634223540130944,0.6772222220025963,1.575668293480593,0.1270761552008084,0.021598858519425335,-0.014967057114689597,0.23520064622476333,0.00275776514733202,2.15458885215257e-06,0.002797217766684202
1787280435.9253104,25.368359899999632,87.0,0.11999999731779099,1.5707963705062866,1.5272085666656494,0.09862558543682098,12.56074458360672,-0.05794185562990606,0.12560878223804234,-90.74005889892578,-12.944103240966797,1.5837127912398357,0.12560878223804234,0.24225319921970367,0.5326911807060242,0.43972835367630847,0.6771896059689361,1.5737098488672379,0.1280174058749713,0.012916420733549039,-0.0024964186885712836,0.018111434714714592,0.0027900639468701055,2.1527258545047085e-06,0.002828572017065451
1787280436.0278583,25.470321099999637,88.0,0.11999999731779099,1.5707963705062866,1.550905466079712,0.05483011156320572,12.56074458360672,-0.05794185562990606,0.12560878223804234,-90.74005889892578,-12.944103240966797,1.5837127912398357,0.12560878223804234,0.24225319921970367,0.5326911807060242,0.45319178534559185,0.6771699950864957,1.5737098488672379,0.12857592936867204,0.012916420733549039,-0.003075300530592323,0.020992857014906306,0.0028223627481613113,2.1512336477639865e-06,0.002859927512041145
1787280436.1323109,25.575502899999265,89.0,0.11999999731779099,1.5707963705062866,1.6125929355621338,0.15000000596046448,13.596540689468384,0.4213504958897829,0.1360306785106786,-90.80747985839844,4.258721351623535,1.5848895089674873,0.1360306785106786,0.25843796133995056,0.5327087044715881,0.4667464293681841,0.6771502456176719,1.5739752739185873,0.1292738699325119,0.014093138461200638,0.0070030962708397815,0.058747076200462774,0.002854661549827317,2.1497905071124035e-06,0.002891283749559104
1787280436.2250893,25.668283099999826,90.0,0.11999999731779099,1.5707963705062866,1.5672285556793213,0.12791122496128082,15.062816441059113,1.4211134053766727,0.1512970596039401,-90.6910400390625,-3.9694530963897705,1.5828572507396474,0.1512970596039401,0.2768366038799286,0.5328582525253296,0.48042481161224326,0.6771285052853617,1.5735168698070447,0.13022491119608703,0.012060880233360827,0.021840234516996654,0.43706744893645105,0.0028869603514921566,2.148303443402577e-06,0.0029226409189528455
1787280436.3279288,25.770869500000117,91.0,0.11999999731779099,1.5707963705062866,1.5735161304473877,0.14991730451583862,15.062816441059113,1.4211134053766727,0.1512970596039401,-90.6910400390625,-3.9694530963897705,1.5828572507396474,0.1512970596039401,0.2768366038799286,0.5328582525253296,0.49418129026489394,0.6771097806630952,1.5735168698070447,0.13078924427309432,0.012060880233360827,0.021255331330620686,0.4145486958992667,0.0029192591536030886,2.1469415634196386e-06,0.0029539993641255957
1787280436.4331853,25.87584549999883,92.0,0.11999999731779099,1.5707963705062866,1.5634324550628662,0.1392482966184616,19.355836510658264,-0.8533147163689137,0.1937463684904838,-91.61347198486328,-7.103447914123535,1.5989567253194492,0.1937463684904838,0.2997516095638275,0.5334598422050476,0.5081688258694356,0.6770907326917041,1.577148330238579,0.1326169850191278,0.02816035481316259,0.06335756777397925,3.6457439764845394,0.0029515579558619456,2.145614351437495e-06,0.002985358570031415
1787280436.5253434,25.96840929999962,93.0,0.11999999731779099,1.5707963705062866,1.570094347000122,0.11616091430187225,19.449257850646973,6.493111699819565,0.20504490495676467,-93.07086944580078,25.391084671020508,1.6243931095230142,0.20504490495676467,0.3254460096359253,0.5335486531257629,0.5223555487691869,0.6770460055953685,1.5828858605100598,0.13409888937055128,0.05359673901672757,0.07353201906418122,5.046359608538023,0.0029838567536392513,2.1433096120567597e-06,0.00301672026161999
1787280436.6285899,26.071337199999107,94.0,0.11999999731779099,1.5707963705062866,1.5892775058746338,0.12806543707847595,19.449257850646973,6.493111699819565,0.20504490495676467,-93.07086944580078,25.391084671020508,1.6243931095230142,0.20504490495676467,0.3254460096359253,0.5335486531257629,0.5366637660623133,0.6769602459756588,1.5828858605100598,0.13497822833774403,0.05359673901672757,0.07262062792874968,4.927361721816523,0.003016155535668686,2.139162821352297e-06,0.003048083997060457
1787280436.8258352,26.268719300000157,95.0,0.11999999731779099,1.5707963705062866,1.5133626461029053,0.07423613965511322,17.074143886566162,0.8256325498223305,0.17094094259904233,-88.51561737060547,-26.57378578186035,1.5448889625525517,0.17094094259904233,0.38369134068489075,0.535061240196228,0.5508957831789161,0.676874442402987,1.5649525942761207,0.1343006325901051,-0.025907407953734918,0.037975860262662336,1.3388428212988106,0.0030484543128553297,2.1344112320967874e-06,0.003079448955048565
1787280436.9279075,26.370436899998822,96.0,0.11999999731779099,1.5707963705062866,1.6023609638214111,0.05173393338918686,17.074143886566162,0.8256325498223305,0.17094094259904233,-88.51561737060547,-26.57378578186035,1.5448889625525517,0.17094094259904233,0.38369134068489075,0.535061240196228,0.5650723593292738,0.6769151115565973,1.5649525942761207,0.13389855782439547,-0.025907407953734918,0.03839259077378543,1.367274142648893,0.003080753102478226,2.134212507394198e-06,0.0031108129432727504
1787280437.0323122,26.475420499999018,97.0,0.11999999731779099,1.5707963705062866,1.6156079769134521,0.12020851671695709,19.603000581264496,0.13222090201452374,0.19603446486676412,-91.50532531738281,34.5559196472168,1.5970692098968549,0.19603446486676412,0.41036632657051086,0.5346646308898926,0.5793251147848757,0.6769560145522533,1.5767225748800993,0.1345424719540922,0.026272839390568237,0.06373339443783788,3.6806896265992965,0.0031130518947691545,2.135206813090244e-06,0.003142176384607657
1787280437.1388242,26.581249599999865,98.0,0.11999999731779099,1.5707963705062866,1.5850975513458252,0.10321461409330368,15.98803997039795,-0.3029955318197608,0.1599091080543398,-90.50684356689453,-35.31658172607422,1.579642415829758,0.1599091080543398,0.43857818841934204,0.5345287919044495,0.5934735427217729,0.6769143162266494,1.5727917190754912,0.13365408956446123,0.00884604532347133,0.027212021762972105,0.6674134021577404,0.0031453506885202364,2.1336771480617607e-06,0.0031735407171371056
1787280437.2428987,26.685413600000174,99.0,0.11999999731779099,1.5707963705062866,1.546746015548706,0.11306654661893845,15.98803997039795,-0.3029955318197608,0.1599091080543398,-90.50684356689453,-35.31658172607422,1.579642415829758,0.1599091080543398,0.43857818841934204,0.5345287919044495,0.6075490787404946,0.6769002685212814,1.5727917190754912,0.13312693728758218,0.00884604532347133,0.027758388897939634,0.694244677288183,0.0031776494874434353,2.1327205206923065e-06,0.0032049038255121827
1787280437.3473563,26.79063739999947,100.0,0.11999999731779099,1.5707963705062866,1.5806491374969482,0.10355131328105927,5.81311397254467,-0.6217223592102528,0.058462665650597934,-92.4027328491211,58.37560272216797,1.6127319260578838,0.058462665650597934,0.4598546624183655,0.5339949131011963,0.6211398850884073,0.6768867154449774,1.5802555183750684,0.12924642424399793,0.041935555551597226,-0.07336384775547253,4.940529400498387,0.0032099482881230157,2.131772550753314e-06,0.003236266210475837
1787280437.5422115,26.98547469999903,101.0,0.11999999731779099,1.7039768695831299,1.6987173557281494,0.14348047971725464,0.6750615779310465,0.40682367980480194,0.007881710730854528,-89.31599426269531,42.69814682006836,1.5588581745763985,0.007881710730854528,0.4618719220161438,0.5296828150749207,0.6341579794361131,0.6759345853445464,1.6712433293560478,0.1251649369600819,-0.14511869500673136,-0.12155823488799544,14.784103215785148,0.0032422442656694006,2.0918055251634702e-06,0.003267624222652572
1787280437.8421614,27.285761600000114,102.0,0.11999999731779099,1.7603156566619873,1.7214901447296143,0.10457848012447357,-1.8800849094986916,8.161899447441101,0.08375638593985776,-93.21347045898438,-46.63972473144531,1.626881966719747,0.08375638593985776,0.4632977545261383,0.5507393479347229,0.6470671423384792,0.6740367865925312,1.7302178318629853,0.12541143690615048,-0.13343368994224036,-0.04317339002710849,3.0038636462468005,0.003274530522761211,1.99975071700042e-06,0.0032989828211634382
1787280438.0400476,27.48339289999967,103.0,0.11999999731779099,2.0100760459899902,2.047712564468384,0.10784328728914261,1.5077956020832062,0.4916219040751457,0.015859191890597483,-112.3485107421875,-295.236572265625,1.9608514221633904,0.015859191890597483,0.44838786125183105,0.5625235438346863,0.6592596712080134,0.6702075799253929,1.9989727473824868,0.12316987043938224,-0.04922462382659987,-0.1112221848632316,11.233414979944186,0.0033067761784722582,1.8090087147216024e-06,0.0033303671066246543
1787280438.2480476,27.690703199999916,104.0,0.11999999731779099,2.2349817752838135,2.2243597507476807,0.0894244909286499,7.273757457733154,-2.1366948261857033,0.07581095721211904,-120.34439849853516,-34.166019439697266,2.1004059901315593,0.07581095721211904,0.45117777585983276,0.5632684826850891,0.6702230396397605,0.6634879700204852,2.2046263350239066,0.12394816748054277,-0.1345757851522542,-0.04989182597369009,3.585455474031558,0.0033389007602765666,1.4790263948093472e-06,0.003361829533667545
1787280438.4573255,27.900285799998528,105.0,0.11999999731779099,2.269155263900757,2.2832424640655518,0.130336731672287,2.0702412351965904,-3.95682230591774,0.04465684889523272,-132.39218139648438,-16.77314567565918,2.310679469266237,0.04465684889523272,0.45764654874801636,0.5622817277908325,0.6802389549818886,0.6555277932310187,2.278521626013271,0.12331435667493806,0.04152420536548007,-0.0815245974535295,6.067163635405409,0.0033709234585810196,1.0775785714765538e-06,0.0033933939806582974
1787280438.7727313,28.215555899998435,106.0,0.11999999731779099,2.3465943336486816,2.298948049545288,0.08830782771110535,-0.1802691607736051,1.563572697341442,0.01573930287591421,-133.30453491210938,6.017909049987793,2.326603042056039,0.01573930287591421,0.45989835262298584,0.5631493330001831,0.6894901826773315,0.6469475074450797,2.3420850197556042,0.12192127937926842,-0.01999129159264257,-0.11005234129080166,10.850025963231438,0.0034028646365684436,6.381818793234845e-07,0.003425050663914193
1787280438.9831698,28.425609099998837,107.0,0.11999999731779099,2.375152349472046,2.351270914077759,0.05503951013088226,1.6872858628630638,0.7327302824705839,0.01839518211344203,-136.6146240234375,-2.7033822536468506,2.3843749955831273,0.01839518211344203,0.46278244256973267,0.5612967610359192,0.6982744479628049,0.6380414094377888,2.377232645587327,0.12118805202787464,0.009222646111081367,-0.10653970075351474,10.146693056328257,0.0034347458459871296,1.8000433880309956e-07,0.003456779557349161
1787280439.1923234,28.63542999999845,108.0,0.11999999731779099,2.4157183170318604,2.367340326309204,0.11018074303865433,1.6484081745147705,-0.015219706983771175,0.016484784345837798,-138.18902587890625,-0.7354120016098022,2.4118534917105645,0.016484784345837798,0.4645794630050659,0.5602390766143799,0.7066752407833277,0.6288704060162512,2.4148465519217934,0.12068578070140826,-0.0038648253212958394,-0.10799915382440198,10.421141067791648,0.0034665789519253347,-2.8686548260316395e-07,0.0034885663078881328
1787280439.4200933,28.862618600000133,109.0,0.11999999731779099,2.4403951168060303,2.4427988529205322,0.10591088980436325,5.367399379611015,-3.1912945210933685,0.06244464494302876,-140.90591430664062,2.964926242828369,2.4592721401838613,0.06244464494302876,0.46833980083465576,0.5563775300979614,0.7149049251646522,0.6193422191587032,2.444653092004037,0.12200407549033876,0.018877023377831037,-0.06173038959649883,3.4310767545174636,0.0034983731584340987,-7.565339432535493e-07,0.0035203991060453895
1787280439.7326381,29.175397599999997,110.0,0.11999999731779099,2.5041816234588623,2.438448190689087,0.09616892784833908,1.9356191158294678,-7.991228252649307,0.08222308091254242,-144.9009552001953,-74.30241394042969,2.528998757528207,0.08222308091254242,0.4866711497306824,0.5413312911987305,0.7228042195597422,0.6092921716374516,2.5097794732489405,0.1234819070433171,0.024817134069344604,-0.04276272267787752,1.6799554368441039,0.0035301244147687787,-1.2229389259139283e-06,0.0035522802393648505
1787280439.9430404,29.385441899999933,111.0,0.11999999731779099,2.784839153289795,2.7940752506256104,0.09550880640745163,14.778637886047363,-13.002680242061615,0.1968445659001574,-144.72434997558594,-21.70342445373535,2.52591641488255,0.1968445659001574,0.5022773742675781,0.5231298804283142,0.7291971055354458,0.597522080628483,2.726435528085153,0.1283898835371267,-0.2589227384072448,0.07094987600020491,9.53775999149359,0.0035617581457104315,-1.6583619111493498e-06,0.0035842653462075007
1787280440.1533425,29.595748599998842,112.0,0.11999999731779099,3.068578004837036,3.025721788406372,0.10664375871419907,10.74550747871399,-16.126899421215057,0.19378927109545688,-159.91127014160156,-52.084835052490234,2.790978175017046,0.19378927109545688,0.5229377746582031,0.5019484162330627,0.7325881134886106,0.5841698384243024,3.0059615018701216,0.13119475053517005,-0.27759982981999,0.06487610954781153,9.554192571551642,0.0035932331122954506,-1.99350815485944e-06,0.0036163760673632553
1787280440.362441,29.80533749999995,113.0,0.11999999731779099,-3.1415927410125732,-3.1343157291412354,0.11712488532066345,4.990031197667122,-20.707060396671295,0.21299830084418137,-178.15769958496094,-78.8310546875,3.1094384455365036,0.21299830084418137,0.526469349861145,0.4478948414325714,0.7336247294187853,0.5701258275081557,3.1343397570022358,0.1335346657835343,-0.032154120630509375,0.08236010831486326,6.137581817568151,0.003624615977893821,-2.200250704376564e-06,0.0036485683617556858
1787280440.55734,30.0005371999996,114.0,0.11999999731779099,-3.1415927410125732,-3.113757371902466,0.11308189481496811,-0.3502245293930173,-22.718994319438934,0.22721693601219234,175.18545532226562,67.1043930053711,-3.057562996978959,0.22721693601219234,0.5259838700294495,0.4160744845867157,0.7337479660514051,0.5557871790605666,-3.1226386634110064,0.13542318170942455,0.0840297440336144,0.09513966408954377,8.617223346309727,0.003655979118011175,-2.315494982070576e-06,0.003680804631893551
1787280440.6773357,30.12063929999931,115.0,0.11999999731779099,-3.1415927410125732,3.1250784397125244,0.12307542562484741,-1.275668852031231,-22.004440426826477,0.22041386742167518,178.08929443359375,5.049274444580078,-3.108244550419821,0.22041386742167518,0.5211977362632751,0.38453027606010437,0.7336523458242251,0.5413145384093874,-3.134070592758569,0.13630454461434982,0.0333481905927524,0.08717513276877392,6.872729069380725,0.0036873431453102873,-2.378280314751319e-06,0.0037130662956598925
1787280440.7821417,30.225368499999604,116.0,0.11999999731779099,-3.1415927410125732,-3.1234071254730225,0.13668358325958252,7.109595090150833,-20.05550265312195,0.21278381729240559,179.39605712890625,34.735965728759766,-3.1310518619952594,0.21278381729240559,0.5265000462532043,0.35244640707969666,0.7336189519100418,0.5267971959003738,-3.1392150991289682,0.13655919498139396,0.01054087901731382,0.07900303258217403,5.5842581451478965,0.0037187095553142166,-2.414994627582793e-06,0.003745343071945037
1787280440.91385,30.357074499999726,117.0,0.11999999731779099,-3.1415927410125732,3.0779430866241455,0.10547517985105515,7.109595090150833,-20.05550265312195,0.21278381729240559,179.39605712890625,34.735965728759766,-3.1310518619952594,0.21278381729240559,0.5265000462532043,0.35244640707969666,0.7336137103317588,0.5122564801877292,-3.1392150991289682,0.13671030054400396,0.01054087901731382,0.07884641917663576,5.562173024578021,0.0037500766118116627,-2.4367378883682125e-06,0.0037776288080841555
1787280440.992413,30.435306899998977,118.0,0.11999999731779099,-3.1415927410125732,3.095973253250122,0.08807417750358582,1.9146746024489403,-21.451646089553833,0.21536924079002862,-178.93356323242188,-12.638845443725586,3.1229798207312296,0.21536924079002862,0.524482786655426,0.31903567910194397,0.7336037678925902,0.497690769739869,3.1373942025348818,0.13689088944036337,-0.018612745435783395,0.0813389107180601,5.936551037224436,0.003781443918766927,-2.4491881196449546e-06,0.003809919857869285
1787280441.0973427,30.540256399999635,119.0,0.11999999731779099,-3.1415927410125732,-3.138829469680786,0.10380986332893372,-1.452664565294981,-23.591123521327972,0.23635806382220548,179.79345703125,-17.210243225097656,-3.137987798738262,0.23635806382220548,0.5230545401573181,0.28468167781829834,0.7336392040577313,0.4830183828130713,-3.1407795961386684,0.13773619140875398,0.0036049422743111847,0.10221666914668057,9.335050542251023,0.0038128115490185886,-2.4579105833994334e-06,0.0038422140587716846
1787280441.2024655,30.645508899999186,120.0,0.11999999731779099,-3.1415927410125732,3.123344659805298,0.13602373003959656,-1.452664565294981,-23.591123521327972,0.23635806382220548,179.79345703125,-17.210243225097656,-3.137987798738262,0.23635806382220548,0.5230545401573181,0.28468167781829834,0.7336366033787773,0.46827591167259475,-3.1407795961386684,0.13823778043448054,0.0036049422743111847,0.10169679705101259,9.240346137767123,0.0038441803315617893,-2.4625186128056498e-06,0.003874510132154519
1787280441.307911,30.750613799998973,121.0,0.11999999731779099,-3.1415927410125732,3.1185929775238037,0.10367806255817413,-1.9147494807839394,-21.927794814109802,0.22011234653782213,179.13973999023438,13.738990783691406,-3.1265782839961442,0.22011234653782213,0.5199207067489624,0.25155624747276306,0.733632307669698,0.4535624800006985,-3.138206021384807,0.13796407966415009,0.015014457016429006,0.08514259576006175,6.493169065809938,0.003875549824126828,-2.4650994350021147e-06,0.003906807315895658
1787280441.5201724,30.9632959999999,122.0,0.11999999731779099,-3.1415927410125732,3.111154317855835,0.07012790441513062,-5.224528908729553,-22.643260657787323,0.23238178834294437,-178.9092559814453,-58.556705474853516,3.12255557916958,0.23238178834294437,0.5099697113037109,0.18347275257110596,0.7336088110198588,0.4388180037305009,3.137298508949547,0.13823316652917378,-0.019036986997432948,0.09758036722532726,8.533782980051518,0.003906918927809977,-2.4657779449367462e-06,0.003939105157023406
1787280441.6231542,31.06576589999895,123.0,0.11999999731779099,-3.1415927410125732,-3.1126697063446045,0.11685528606176376,-5.224528908729553,-22.643260657787323,0.23238178834294437,-178.9092559814453,-58.556705474853516,3.12255557916958,0.23238178834294437,0.5099697113037109,0.18347275257110596,0.7336404222429765,0.4240513170831228,3.137298508949547,0.13839283848489045,-0.019036986997432948,0.09741487517909089,8.50495402476445,0.003938288420203483,-2.4676269086485372e-06,0.003971403387730126
1787280441.7273967,31.170576299999084,124.0,0.11999999731779099,-3.1415927410125732,3.1294829845428467,0.10422960668802261,3.8722429424524307,-20.399703085422516,0.20763962805273217,177.8427734375,-7.627116680145264,-3.1039419473626886,0.20763962805273217,0.5101685523986816,0.149977445602417,0.7336718834565786,0.4093790815474589,-3.133100080790795,0.1376174431408921,0.03765079364988466,0.07257451448554131,4.81197964473254,0.003969658138527236,-2.469534907955594e-06,0.0040037018498935255
1787280441.8325098,31.275018099999215,125.0,0.11999999731779099,-3.1415927410125732,3.1365387439727783,0.11551455408334732,-4.146279022097588,-15.990054607391357,0.16518882410031377,-176.1053466796875,36.5557861328125,3.0736181299266105,0.16518882410031377,0.5132926106452942,0.12310251593589783,0.7336111306760628,0.3949552746336909,3.1262599865639142,0.13566440875303154,-0.06797443624040245,0.030600589113239207,1.1839490245538973,0.0040010267549711945,-2.468001416412975e-06,0.004036000442090274
1787280441.92382,31.366516299998693,126.0,0.11999999731779099,-3.1415927410125732,3.1201107501983643,0.04975064471364021,-4.146279022097588,-15.990054607391357,0.16518882410031377,-176.1053466796875,36.5557861328125,3.0736181299266105,0.16518882410031377,0.5132926106452942,0.12310251593589783,0.7337198064973938,0.3806921150044346,3.1262599865639142,0.13450550855824997,-0.06797443624040245,0.031801731566582614,1.2509101926934048,0.004032392648178216,-2.4719894524596044e-06,0.004068299091343228
1787280442.0273495,31.47051669999928,127.0,0.11999999731779099,-3.1415927410125732,3.1372158527374268,0.11196007579565048,-1.1279880069196224,-18.382297456264496,0.18416873152474678,-177.11865234375,-6.547013759613037,3.091303650093609,0.18416873152474678,0.5077738761901855,0.10046175122261047,0.7338284123363953,0.3664415228660622,3.1302492016391774,0.13448532820916081,-0.05028891607340391,0.051494378219670456,2.559052170366793,0.0040637569548082975,-2.477276248085527e-06,0.004100597781216614
1787280442.222919,31.665286499999638,128.0,0.11999999731779099,-3.0039913654327393,-3.0255298614501953,0.09293142706155777,6.777610629796982,-15.3938427567482,0.1681982165983415,-176.58045959472656,-25.213912963867188,3.081910414612791,0.1681982165983415,0.5118358135223389,0.07358916848897934,0.732940074438647,0.3522897245998182,-3.048491409147188,0.13391169604304054,-0.19728352713405606,0.03553627447975782,4.054537421099296,0.004095121588264277,-2.444525392556668e-06,0.004132894342418127
1787280442.5228493,31.96524259999933,129.0,0.11999999731779099,-2.6823601722717285,-2.6571314334869385,0.07639025896787643,4.0185317397117615,-5.240724980831146,0.06604074171886508,172.00563049316406,-5.385481357574463,-3.0020645840744713,0.06604074171886508,0.503582775592804,0.05183006823062897,0.7291649555840158,0.3391265141924687,-2.7544739493700914,0.1299785966822286,-0.3197044118027428,-0.06626840889148243,11.60823452295808,0.004126501545330256,-2.287947727519281e-06,0.004165151097124168
1787280442.7323513,32.174973999999565,130.0,0.11999999731779099,-2.4069557189941406,-2.4399945735931396,0.1342407912015915,1.3214985840022564,-0.7216960191726685,0.015057236305543079,142.76144409179688,-197.45504760742188,-2.4916572443036618,0.015057236305543079,0.5049816370010376,0.04361001029610634,0.7220527468330055,0.3280375302589953,-2.4260613262068147,0.12585174843962282,-0.08470152530952113,-0.11483300522422026,12.319856904577609,0.004157957283303102,-1.9687955124385843e-06,0.004197273322147105
1787280442.927364,32.370481399999335,131.0,0.11999999731779099,-2.3082783222198486,-2.3629348278045654,0.11351209878921509,-0.20014189649373293,-1.4062687754631042,0.014204395965948736,132.2066650390625,-34.62540054321289,-2.307441598012918,0.014204395965948736,0.502291738986969,0.0398610383272171,0.7129815224690567,0.3189495282849543,-2.3080895874363305,0.12337294792178338,0.0008367242069304837,-0.11314777831138413,11.437255524166611,0.004189550524280241,-1.5504516556419583e-06,0.004229226837197975
1787280443.1222749,32.56556869999986,132.0,0.11999999731779099,-2.2536730766296387,-2.264146327972412,0.14828863739967346,-1.7398625612258911,-4.781533405184746,0.050882397188864,128.19651794433594,-19.021770477294922,-2.2374513277206542,0.050882397188864,0.49978989362716675,0.03533745929598808,0.7032494715045469,0.3106700088178172,-2.250014035522349,0.12319197291978952,0.016221748908984424,-0.07494528138380893,5.03762007082453,0.004221268551043945,-1.101156159467605e-06,0.004261074829422248
1787280443.4236522,32.866622099998494,133.0,0.11999999731779099,-2.192497491836548,-2.1773290634155273,0.11446231603622437,-1.2100969441235065,-6.183378770947456,0.06300675173279506,122.39714813232422,15.842378616333008,-2.136233229960286,0.06300675173279506,0.4900522530078888,0.026827851310372353,0.6930322210447594,0.3029478063346351,-2.1798063049471654,0.12351097932502075,0.056264261876261656,-0.06270962477615595,3.751165837258275,0.004253085758134195,-6.451099193796956e-07,0.004292846278975946
1787280443.6427622,33.08587809999881,134.0,0.11999999731779099,-2.039456844329834,-2.0369956493377686,0.08079373836517334,-1.3352518901228905,-5.380770191550255,0.05543968385944541,117.62862396240234,-80.01925659179688,-2.0530067827342195,0.05543968385944541,0.47268080711364746,0.01470477506518364,0.6820213694373445,0.2964197455064187,-2.0425132214135298,0.12343415108686911,-0.013549938404385564,-0.07047288588532029,4.450625249437276,0.004285007815444094,-2.02783389236985e-07,0.004324519476467641
1787280443.8428326,33.28525589999845,135.0,0.11999999731779099,-1.788765788078308,-1.8430109024047852,0.1125132218003273,-13.352274894714355,-6.914108991622925,0.15036227851827075,114.73381042480469,-67.54633331298828,-2.002482755271836,0.15036227851827075,0.45862725377082825,0.007573757320642471,0.6696157562161843,0.2919411668997371,-1.8369726227836152,0.12672683820879968,-0.21371696719352773,0.024496959174743815,3.9703139633117184,0.004317055358529096,1.7787961889867998e-07,0.004356051427447804
1787280444.0374255,33.48047339999903,136.0,0.11999999731779099,-1.6022658348083496,-1.613680362701416,0.08735266327857971,-13.767719268798828,2.1110380068421364,0.13928624315803284,102.77474975585938,1.6076678037643433,-1.7937577711529844,0.13928624315803284,0.44179868698120117,0.00068390037631616,0.6563519034746235,0.2899411983556153,-1.645459504660523,0.1282911410312757,-0.1914919363446348,0.011395876886345857,2.873097261301663,0.004349207840401978,4.446526749546527e-07,0.004387466154497576
1787280444.3375313,33.78049689999898,137.0,0.11999999731779099,-1.5707963705062866,-1.560006856918335,0.14670954644680023,-13.13764601945877,0.8096732199192047,0.13162572455855853,89.22979736328125,-23.655893325805664,-1.5573537548766128,0.13162572455855853,0.40189507603645325,0.0005817411001771688,0.6428499842531589,0.28943456517942606,-1.5677642015672624,0.12894996578389006,0.01344261562967386,0.0027732909819434826,0.020457739856849896,0.004381422099986999,6.035544676184847e-07,0.004418831878956395
1787280444.4425106,33.88552089999939,138.0,0.11999999731779099,-1.5707963705062866,-1.6084697246551514,0.10793313384056091,-14.378848671913147,0.6423220038414001,0.14393188204369362,90.25918579101562,19.94489288330078,-1.5753199722225055,0.14393188204369362,0.38275372982025146,0.0017753572901710868,0.6292326966313817,0.28944645215976395,-1.5718167317956593,0.12977369000546887,-0.004523601716218906,0.014674262370716257,0.19390988849316018,0.004413670963040275,6.915027327982016e-07,0.004450187945744155
1787280444.5473795,33.99006609999924,139.0,0.11999999731779099,-1.5707963705062866,-1.6211551427841187,0.047964856028556824,-12.581168115139008,4.987744241952896,0.13533786748893475,90.40726470947266,35.99099349975586,-1.5779044369023723,0.13533786748893475,0.3617260456085205,0.0031441927421838045,0.6155832565262772,0.2894375421648381,-1.572399693753524,0.12996023738857362,-0.007108066396085633,0.005573646325202575,0.03155162811263593,0.004445940140679519,7.441780680019696e-07,0.004481545699674069
1787280444.6374457,34.08067469999878,140.0,0.11999999731779099,-1.5707963705062866,-1.6112165451049805,0.07135525345802307,-12.581168115139008,4.987744241952896,0.13533786748893475,90.40726470947266,35.99099349975586,-1.5779044369023723,0.13533786748893475,0.3617260456085205,0.0031441927421838045,0.6019182699639216,0.28942546009210157,-1.5723996937535243,0.13007093170095238,-0.007108066396085633,0.005458917172044803,0.030420848455133848,0.004478221367268336,7.757796443616451e-07,0.0045129037893903295
1787280444.742427,34.18570139999974,141.0,0.11999999731779099,-1.5707963705062866,-1.6070351600646973,0.10359571129083633,-7.967972755432129,0.48619857989251614,0.07982792674897561,90.49522399902344,0.7063603401184082,-1.579439616112749,0.07982792674897561,0.3451526463031769,0.005833993665874004,0.588483676744901,0.2894208281309365,-1.572745974778421,0.12818442016823647,-0.008643245606462457,-0.050119102060934326,2.249676255620595,0.004510509741860786,7.948347918859566e-07,0.004544262038665979
1787280444.8474894,34.28999649999969,142.0,0.11999999731779099,-1.5707963705062866,-1.618333339691162,0.117877297103405,-10.016608238220215,2.0173855125904083,0.10217743630782225,91.00614929199219,16.203720092773438,-1.5883569447067698,0.10217743630782225,0.3310040533542633,0.003673661733046174,0.5751079342327888,0.28940971095897555,-1.5747574022808317,0.1278509900975189,-0.01756057420048318,-0.026609362500633754,0.6557386821564919,0.00454280235719023,8.065452242399428e-07,0.004575617769242475
1787280444.9533708,34.39574999999968,143.0,0.11999999731779099,-1.5707963705062866,-1.581010341644287,0.11794383078813553,-10.016608238220215,2.0173855125904083,0.10217743630782225,91.00614929199219,16.203720092773438,-1.5883569447067698,0.10217743630782225,0.3310040533542633,0.003673661733046174,0.5617598167429836,0.28938433770561195,-1.5747574022808317,0.12765313788544091,-0.01756057420048318,-0.026404298516277153,0.6460267653948978,0.004575097487094948,8.144267977436672e-07,0.004606973066841493
1787280445.05812,34.500943899998674,144.0,0.11999999731779099,-1.5707963705062866,-1.5802290439605713,0.12995187938213348,-10.127723962068558,0.23940650280565023,0.10130553199378761,92.00035858154297,4.970521926879883,-1.6057091702633448,0.10130553199378761,0.3169301450252533,0.005963542964309454,0.5484318657242734,0.28935858987877267,-1.5786714381206606,0.1275050719836802,-0.03491279975705819,-0.027154521055074266,0.7503838864987176,0.004607394109545141,8.198638359357582e-07,0.00463832809373764
1787280445.2683823,34.71081129999948,145.0,0.11999999731779099,-1.5707963705062866,-1.5724282264709473,0.1434885859489441,-7.962325215339661,-0.727118831127882,0.07995456499125897,90.05493927001953,-13.166952133178711,-1.5717551979453797,0.07995456499125897,0.30467668175697327,0.005284903571009636,0.5352090473034438,0.28930696611948725,-1.5710126473722474,0.12666633262976495,-0.0009588274390930351,-0.048414425533766764,2.0940722684025306,0.004639691611165728,8.249413753357985e-07,0.0046696829327072505
1787280445.3723726,34.8159040999999,146.0,0.11999999731779099,-1.5707963705062866,-1.606485366821289,0.1007128581404686,-7.558432966470718,0.5286905914545059,0.0757690059655819,90.0147933959961,-2.996960163116455,-1.5710545202625799,0.0757690059655819,0.29215019941329956,0.006130550988018513,0.5220732849032029,0.2893063419591543,-1.5708545997746235,0.12602143834217655,-0.00025814975629323555,-0.052084148560068,2.423482004519483,0.004671989645114331,8.273301745901891e-07,0.004701036639831813
1787280445.4777849,34.920210499998575,147.0,0.11999999731779099,-1.5707963705062866,-1.5360968112945557,0.10847564041614532,-9.390627592802048,0.5276327021420002,0.09405439003845853,90.76976776123047,14.69169807434082,-1.5842313087040738,0.09405439003845853,0.2797481417655945,0.006751880049705505,0.508910990035545,0.2893062682335597,-1.5738268076937574,0.12628183581954314,-0.013434938197787183,-0.03340214581444509,1.0102988780409738,0.004704287992247204,8.287450666253208e-07,0.004732389499681837
1787280445.582893,35.025533999998515,148.0,0.11999999731779099,-1.5707963705062866,-1.6172288656234741,0.09486129134893417,-9.390627592802048,0.5276327021420002,0.09405439003845853,90.76976776123047,14.69169807434082,-1.5842313087040738,0.09405439003845853,0.2797481417655945,0.006751880049705505,0.49572734926900225,0.28928634767096595,-1.5738268076937572,0.1264363516279264,-0.013434938197787183,-0.0335622937702377,1.0198794933329765,0.004736586523931211,8.304274182657082e-07,0.00476374270406421
1787280445.6885045,35.13104319999911,149.0,0.11999999731779099,-1.5707963705062866,-1.576877474784851,0.10631248354911804,-5.736389011144638,0.17435019835829735,0.05739037975031054,89.65962219238281,1.0962653160095215,-1.5648556133512566,0.05739037975031054,0.269445538520813,0.0075456127524375916,0.4826905572405328,0.2892666632778077,-1.5694563500953775,0.12523862431388977,0.005940757155030063,-0.0703213333616665,4.420411934132565,0.00476888516557935,8.320080042290497e-07,0.004795096111104047
1787280445.792383,35.235611699999936,150.0,0.11999999731779099,-1.5707963705062866,-1.6137229204177856,0.12521027028560638,-5.882561206817627,0.4421141929924488,0.058991517450902226,90.06651306152344,-6.372768878936768,-1.5719571987140624,0.058991517450902226,0.25931084156036377,0.007949632592499256,0.469745149454582,0.28927575985059995,-1.5710582114554092,0.12458422102724008,-0.0011608282077757437,-0.06798357723112777,4.129014863175856,0.004801183873479811,8.323048009948058e-07,0.004826447946607144
1787280445.9013245,35.34371439999995,151.0,0.11999999731779099,-1.5707963705062866,-1.6381131410598755,0.07720702141523361,-8.550610393285751,-0.029210379580035806,0.08550660287021204,90.92266845703125,9.444894790649414,-1.586899929274388,0.08550660287021204,0.24952344596385956,0.008079509250819683,0.45673810646861324,0.28927412329962404,-1.5744287521833018,0.12512840144355433,-0.016103558768101323,-0.04106602497657526,1.526081210814023,0.004833482620612674,8.326724110571763e-07,0.0048577989313764594
1787280446.002501,35.44541969999955,152.0,0.11999999731779099,-1.5707963705062866,-1.5952540636062622,0.10007660835981369,-8.550610393285751,-0.029210379580035806,0.08550660287021204,90.92266845703125,9.444894790649414,-1.586899929274388,0.08550660287021204,0.24952344596385956,0.008079509250819683,0.4436864044982806,0.2892502781955857,-1.5744287521833022,0.12545130962908504,-0.016103558768101323,-0.041400703262004304,1.550737860427144,0.0048657813891078115,8.338866949064464e-07,0.004889150625319039
1787280446.2010248,35.643633199999385,153.0,0.11999999731779099,-1.5707963705062866,-1.582574725151062,0.11082746088504791,-6.502839177846909,0.15120627358555794,0.06504596890669881,92.63223266601562,6.571771621704102,-1.6167374534954178,0.06504596890669881,0.2319684475660324,0.008420484140515327,0.43069722299533353,0.289226562129214,-1.5811590208045867,0.12492335055364263,-0.04594108298913113,-0.06205993010876826,3.5994183481003126,0.004898080170858253,8.353059161174907e-07,0.004920502741287002
1787280446.3023639,35.74535389999983,154.0,0.11999999731779099,-1.5707963705062866,-1.600334882736206,0.09546204656362534,-6.502839177846909,0.15120627358555794,0.06504596890669881,92.63223266601562,6.571771621704102,-1.6167374534954178,0.06504596890669881,0.2319684475660324,0.008420484140515327,0.4177515491253157,0.2891588752182123,-1.5811590208045867,0.12461006785920069,-0.04594108298913113,-0.061735228166455575,3.5635082733379644,0.004930378947249673,8.387378602657184e-07,0.004951854176916902
1787280446.406964,35.850471699999616,155.0,0.11999999731779099,-1.5707963705062866,-1.5961776971817017,0.10054557770490646,-7.669991999864578,0.31593425665050745,0.07676496058261995,91.56890869140625,-20.532093048095703,-1.598178949123091,0.07676496058261995,0.22104290127754211,0.008821945637464523,0.4047806047752457,0.2890913752456642,-1.5769728919987986,0.12483630897632457,-0.027382578616804487,-0.04982356341394603,2.2740484683449917,0.004962677724602009,8.427723585280388e-07,0.004983205211505943
1787280446.5148077,35.95796220000011,156.0,0.11999999731779099,-1.5707963705062866,-1.5728471279144287,0.09050949662923813,-7.229249179363251,-0.04292485537007451,0.07229376614932492,89.62862396240234,25.460229873657227,-1.5643145921758075,0.07229376614932492,0.21036973595619202,0.009115197695791721,0.3918104263834113,0.2890514240680752,-1.5693343152437722,0.12481331217694812,0.006481778330479138,-0.05443389918144306,2.6502363815235825,0.004994976512259468,8.459862153320116e-07,0.005014556534666333
1787280446.6172638,36.06049819999862,157.0,0.11999999731779099,-1.5707963705062866,-1.5611752271652222,0.1339273303747177,-7.229249179363251,-0.04292485537007451,0.07229376614932492,89.62862396240234,25.460229873657227,-1.5643145921758075,0.07229376614932492,0.21036973595619202,0.009115197695791721,0.3788420778407801,0.2890615025758961,-1.5693343152437726,0.12479966623428455,0.006481778330479138,-0.054419755840089845,2.6488610012132643,0.005027275308031277,8.469381852727706e-07,0.005045907815070559
1787280446.7228303,36.16575860000012,158.0,0.11999999731779099,-1.5707963705062866,-1.5875294208526611,0.08103835582733154,-9.02346670627594,0.07357116555795074,0.09023766625731847,89.85205078125,-1.1538423299789429,-1.5682141258019557,0.09023766625731847,0.19864431023597717,0.009347908198833466,0.365796767584165,0.28907127661436904,-1.570213909294783,0.12542262720551353,0.0025822447043308827,-0.03646746329356529,1.1885627152965088,0.005059574107030522,8.472214251117924e-07,0.005077259078792713
1787280446.8274274,36.27055949999885,159.0,0.11999999731779099,-1.5707963705062866,-1.535813808441162,0.0741272121667862,-11.5931436419487,0.44880430214107037,0.11601827649317839,92.59771728515625,-0.4346466660499573,-1.6161350464568418,0.11601827649317839,0.18288087844848633,0.009488125331699848,0.3525881176753123,0.2890751531216712,-1.58102313951769,0.12669894536520443,-0.045338675950555185,-0.011069982445477605,0.26403273774240654,0.005091872908197441,8.473551034434899e-07,0.005108611155111787
1787280446.9323335,36.375707899998815,160.0,0.11999999731779099,-1.5707963705062866,-1.6212000846862793,0.12977352738380432,-11.5931436419487,0.44880430214107037,0.11601827649317839,92.59771728515625,-0.4346466660499573,-1.6161350464568418,0.11601827649317839,0.18288087844848633,0.009488125331699848,0.33927484070294495,0.2890069298693729,-1.5810231395176901,0.12745629268743372,-0.045338675950555185,-0.011854935304017516,0.2801087794738087,0.005124171695998574,8.503448247486574e-07,0.0051399649106149015
1787280447.142316,36.5854064999985,161.0,0.11999999731779099,-1.5707963705062866,-1.6233627796173096,0.15000000596046448,-13.858616352081299,3.089047595858574,0.14198713400997107,89.30039978027344,27.73991584777832,-1.5585859995129923,0.14198713400997107,0.14714385569095612,0.012407917529344559,0.3257863743873589,0.28893805682065177,-1.568042151485243,0.1288189739709829,0.012210370993294362,0.013648143409129981,0.17761828668724927,0.005156470480452638,8.540786911086439e-07,0.005171319673219628
1787280447.2474442,36.69086049999896,162.0,0.11999999731779099,-1.5707963705062866,-1.5584285259246826,0.11700557917356491,-13.858616352081299,3.089047595858574,0.14198713400997107,89.30039978027344,27.73991584777832,-1.5585859995129923,0.14198713400997107,0.14714385569095612,0.012407917529344559,0.31218585268084614,0.28895662657417803,-1.5680421514852425,0.12962756782613846,0.012210370993294362,0.01281007606621934,0.15780907031121474,0.005188769276444249,8.546369834530989e-07,0.005202676229069324
1787280447.353021,36.79558879999968,163.0,0.11999999731779099,-1.5707963705062866,-1.5789436101913452,0.13233481347560883,-19.983573257923126,1.094663143157959,0.20013532610505544,91.11967468261719,-13.379612922668457,-1.5903383365577888,0.20013532610505544,0.1240965723991394,0.011897213757038116,0.2982659041012871,0.28897527608211704,-1.575204332773543,0.13215235372273199,-0.019541966051502158,0.07046097204968538,4.464034080110475,0.005221068075055446,8.544421580873453e-07,0.005234033868572958
1787280447.457443,36.90040520000002,164.0,0.11999999731779099,-1.5707963705062866,-1.6354259252548218,0.08722028881311417,-17.393748462200165,1.2726140208542347,0.17440241741798346,89.93553161621094,-38.497642517089844,-1.5696711412343376,0.17440241741798346,0.0952434241771698,0.014938049018383026,0.28425063755265706,0.28894459649204474,-1.570542559392313,0.13274553712755371,0.0011252292719490242,0.04317528603065701,1.6654171630873504,0.005253366873592067,8.557804951967151e-07,0.0052653949226573946
1787280447.5500555,36.99332150000009,165.0,0.11999999731779099,-1.5707963705062866,-1.6024173498153687,0.07858733832836151,-15.849947929382324,2.6779459789395332,0.16074583790264974,92.19216918945312,52.1772575378418,-1.6090568969116292,0.16074583790264974,0.07015301287174225,0.012486128136515617,0.27024605647576827,0.2889462819982556,-1.5794265644323038,0.13261724286892845,-0.03826052640534261,0.029153890731956206,0.8693782042489026,0.005285665675257602,8.561288414776126e-07,0.005296756784651149
1787280447.654027,37.0964172999993,166.0,0.11999999731779099,-1.5707963705062866,-1.5645172595977783,0.08684949576854706,-15.849947929382324,2.6779459789395332,0.16074583790264974,92.19216918945312,52.1772575378418,-1.6090568969116292,0.16074583790264974,0.07015301287174225,0.012486128136515617,0.25625213926545326,0.28888617696932684,-1.5794265644323038,0.13254111505354932,-0.03826052640534261,0.02923279342896598,0.873493806760414,0.005317964467698984,8.587356982268565e-07,0.0053281184764103345
1787280447.7584145,37.20082569999977,167.0,0.11999999731779099,-1.5707963705062866,-1.612106442451477,0.14205414056777954,-14.231209456920624,1.678764447569847,0.14329883903129553,93.98580932617188,-2.774195671081543,-1.6403618228932926,0.14329883903129553,0.0508355088531971,0.014484942890703678,0.24234039354503986,0.2888262129651448,-1.586487825931927,0.13188235895375308,-0.06956545238700595,0.011832614189411672,0.48894143931939105,0.0053502632578309554,8.619272638959931e-07,0.005359480069329152
1787280448.0723999,37.51563669999996,168.0,0.11999999731779099,-1.5144271850585938,-1.559249758720398,0.08674834668636322,-14.769063889980316,0.3556668059900403,0.1477334583170663,86.47136688232422,-10.440007209777832,-1.5092100607965415,0.1477334583170663,0.005959686823189259,0.015625549480319023,0.22846617443189499,0.2891074321184429,-1.513250390112266,0.131647421807737,0.005217124262052231,0.016672377349136958,0.2503728569474745,0.005382561828438675,8.518562034579442e-07,0.005390840772263849
1787280448.282194,37.725539899998694,169.0,0.11999999731779099,-0.983180820941925,-0.9829967021942139,0.11660560965538025,-2.1006446331739426,7.296793162822723,0.07593148117605696,88.75735473632812,3.810486316680908,-1.5491080755095092,0.07593148117605696,-0.004485557321459055,0.023021329194307327,0.21562680544534807,0.29344560004775616,-1.110833585130102,0.128982853092377,-0.5659272545675842,-0.05498511028277757,26.78168495413301,0.005414803992012244,6.769341772465063e-07,0.005422218753598469
1787280448.4921665,37.93547539999963,170.0,0.11999999731779099,-0.831719696521759,-0.8072671890258789,0.12086435407400131,3.0510399490594864,2.2264325991272926,0.03777015606164955,49.036476135253906,-154.1320343017578,-0.855847962135805,0.03777015606164955,0.0017793584847822785,0.012035193853080273,0.20479765486724613,0.3009733085529335,-0.8371621624497392,0.12605966675119826,-0.02412826561404602,-0.09150768974899617,7.524484599196257,0.005446900430076551,3.4168058888553323e-07,0.005453686151285477
1787280448.7174153,38.16059589999895,171.0,0.11999999731779099,-0.6820521354675293,-0.7334058284759521,0.08902722597122192,2.3963628336787224,-1.1142605915665627,0.02642750744310742,45.92243194580078,-6.295060634613037,-0.80149763797725,0.02642750744310742,0.00574107700958848,0.006521861534565687,0.19599362711740162,0.31041501285516054,-0.7089947300185941,0.12392619068712973,-0.11944550250972075,-0.10105253939623102,10.195399405390324,0.005478822680356871,-8.434969403141981e-08,0.005485301784378534
1787280449.0174196,38.46057269999983,172.0,0.11999999731779099,-0.6017076373100281,-0.5983858108520508,0.09315410256385803,5.919201672077179,-8.75382125377655,0.1056722929522168,32.70359802246094,-26.7296199798584,-0.5707854627406497,0.1056722929522168,0.005674513056874275,0.0044894469901919365,0.18805745020577436,0.32077084199837236,-0.5947327107154314,0.1254471315462264,0.030922174569378402,-0.020495637372597852,0.447169151963418,0.005510625700446621,-5.347481555044953e-07,0.005517054679925163
1787280449.2161794,38.65887719999955,173.0,0.11999999731779099,-0.5776425004005432,-0.5613601207733154,0.07914002984762192,0.0,0.0,0.0,30.39350700378418,-0.34919416904449463,-0.5304667684439908,0.0,0.005476213991641998,0.004343322943896055,0.18108896489331786,0.33143005467031583,-0.5670013578539526,0.1226333086748798,0.04717573195655245,-0.1271033294382357,14.599836259685457,0.005542345615155492,-9.818254670528716e-07,0.005548917313226247
1787280449.422432,38.865684799999144,174.0,0.11999999731779099,-0.5747274160385132,-0.5750963687896729,0.08433734625577927,0.0,0.0,0.0,30.384883880615234,0.0,-0.5303162665528873,0.0,0.005476213991641998,0.004343322943896055,0.17438751511286657,0.3419731006055798,-0.5647098635229586,0.12096362999746144,0.044411149485625856,-0.1253727904738576,14.190470932072586,0.005574022223783711,-1.4237169973601334e-06,0.005580845482633532
1787280449.5264037,38.97000889999981,175.0,0.11999999731779099,-0.5747274160385132,-0.6064896583557129,0.1108863428235054,0.0,0.0,0.0,30.358583450317383,0.0,-0.529857237449499,0.0,0.005476213991641998,0.004343322943896055,0.16775614287814794,0.3523895408594764,-0.564606323123698,0.11997286866908576,0.04487017858901421,-0.12434591559886554,13.964467491164141,0.005605676109359392,-1.8623419419476642e-06,0.005612811490767987
1787280449.6174405,39.06064559999868,176.0,0.11999999731779099,-0.5747274160385132,-0.5389063358306885,0.14712801575660706,0.0,0.0,0.0,30.358583450317383,0.0,-0.529857237449499,0.0,0.005476213991641998,0.004343322943896055,0.16115957633403782,0.36272657441624634,-0.564606323123698,0.11938496632411302,0.04487017858901421,-0.12373658403766012,13.829422784420547,0.005637316714554135,-2.299067731554412e-06,0.00564479981299135
1787280449.7221782,39.16533179999897,177.0,0.11999999731779099,-0.5747274160385132,-0.5762097835540771,0.09693185240030289,0.0,0.0,0.0,30.336164474487305,0.0,-0.5294659525063388,0.0,0.005476213991641998,0.004343322943896055,0.15458337411571887,0.37301632768301823,-0.5645180633620828,0.11903611422691696,0.04526146353217442,-0.12337501617722914,13.752254635376726,0.005668949445803627,-2.734674667380082e-06,0.005676801361318337
1787280449.9334311,39.3759900999994,178.0,0.11999999731779099,-0.5747274160385132,-0.5939998626708984,0.10680143535137177,0.0,0.0,0.0,30.31936264038086,0.0,-0.5291727051808075,0.0,0.005476213991641998,0.004343322943896055,0.14801973579740024,0.38327834124790977,-0.564451917348805,0.11882911082446637,0.04555471085770568,-0.1231604674388738,13.70700360028633,0.005700577480282702,-3.169609553778405e-06,0.005708810777666656
1787280450.0382838,39.48070889999872,179.0,0.11999999731779099,-0.5747274160385132,-0.5942003726959229,0.10523711144924164,0.0,0.0,0.0,30.306583404541016,0.0,-0.5289496654395132,0.0,0.005476213991641998,0.004343322943896055,0.14146362475680677,0.39352394353872044,-0.5644016076327238,0.11870627822873145,0.04577775059900002,-0.12303315755830262,13.68053467960297,0.0057322027177190305,-3.604141574561e-06,0.005740824871909681
1787280450.1312199,39.573590399999375,180.0,0.11999999731779099,-0.5747274160385132,-0.6361942291259766,0.08485762029886246,-0.8877148851752281,1.1223116889595985,0.01430951167768144,30.801843643188477,20.910913467407227,-0.5375935872581241,0.01430951167768144,0.005700095556676388,0.004086099565029144,0.1348782562308553,0.4038120486352352,-0.5663513644339142,0.11913663391319136,0.03713382878038907,-0.1086481021798504,10.649296703401914,0.0057638262878085674,-4.038431193256765e-06,0.005772841749280483
1787280450.2321632,39.675631999998586,181.0,0.11999999731779099,-0.5706918239593506,-0.6047625541687012,0.1270887851715088,-0.8877148851752281,1.1223116889595985,0.01430951167768144,30.801843643188477,20.910913467407227,-0.5375935872581241,0.01430951167768144,0.005700095556676388,0.004086099565029144,0.12828422254627384,0.41413623466851934,-0.5632260562823821,0.11939200027522083,0.03309823670122647,-0.10891277672211933,10.679428672676645,0.005795448778069528,-4.472046370384887e-06,0.005804860993856139
1787280450.337318,39.78069569999934,182.0,0.11999999731779099,-0.5706918239593506,-0.5857083797454834,0.13686127960681915,0.0,0.0,0.0,31.475357055664062,0.39837536215782166,-0.5493486138621662,0.0,0.0058417716063559055,0.0039338222704827785,0.12172854988691742,0.4244357459863449,-0.5658775660426922,0.1190402880639779,0.02134321009718443,-0.12337934215189852,13.633428749490655,0.005827069993147321,-4.904965891184046e-06,0.0058368822773332595
1787280450.4519682,39.89491079999971,183.0,0.11999999731779099,-0.568230390548706,-0.5661811828613281,0.11959002912044525,0.0,0.0,0.0,31.4720516204834,0.0,-0.549290923135052,0.0,0.0058417716063559055,0.0039338222704827785,0.11518689816671873,0.4347098161375023,-0.5639583302298368,0.11883158751438695,0.018939467413654043,-0.12316303440488238,13.578506202233935,0.005858690310797342,-5.3378977714576805e-06,0.005868904285708282
1787280450.5324311,39.97561139999925,184.0,0.11999999731779099,-0.568230390548706,-0.559096097946167,0.1252460777759552,0.0,0.0,0.0,31.4720516204834,0.0,-0.549290923135052,0.0,0.0058417716063559055,0.0039338222704827785,0.10866427826527174,0.44497560488422894,-0.5639583302298368,0.11870774785796545,0.018939467413654043,-0.12303468075596154,13.550275609217943,0.005890309584736357,-5.770598911545264e-06,0.0059009272340193345
1787280450.638543,40.08108919999904,185.0,0.11999999731779099,-0.568230390548706,-0.591853141784668,0.1371832937002182,0.0,0.0,0.0,31.474599838256836,0.0,-0.5493353979252564,0.0,0.0058417716063559055,0.0039338222704827785,0.1021468427878484,0.4552325935885451,-0.5639683621374019,0.11863426333416968,0.018894992623449625,-0.12295851769930473,13.53341141320351,0.005921928397623711,-6.203235761839712e-06,0.005932950583620555
1787280450.8324342,40.27559789999941,186.0,0.11999999731779099,-0.568230390548706,-0.5395421981811523,0.08734987676143646,0.0,0.0,0.0,31.561208724975586,0.946259081363678,-0.5508470081599857,0.0,0.0058417716063559055,0.0039338222704827785,0.09563243105951878,0.46548432708113274,-0.5643093268520021,0.11859065876198717,0.017383382388720392,-0.12291332372743026,13.519361219741723,0.005953546939556879,-6.635835651615038e-06,0.005964974168770298
1787280450.9379282,40.380502899999556,187.0,0.11999999731779099,-0.568230390548706,-0.5616247653961182,0.10971657186746597,0.0,0.0,0.0,31.726791381835938,1.249535083770752,-0.5537369707063986,0.0,0.0058417716063559055,0.0039338222704827785,0.08911805275195639,0.4757318230404236,-0.5649611981030729,0.11856478448782708,0.014493419842307453,-0.12288650632824168,13.506545907025487,0.005985165407855906,-7.068454407747548e-06,0.0059969978066224516
1787280451.030294,40.473235399998885,188.0,0.11999999731779099,-0.568230390548706,-0.5879127979278564,0.11455857008695602,0.0,0.0,0.0,31.921857833862305,2.7096848487854004,-0.557141522554442,0.0,0.005525005515664816,0.004498843103647232,0.08260135063401938,0.4859753137068215,-0.565729142128947,0.11854943109643247,0.011088867994264007,-0.12287059330114072,13.496503610378227,0.0060167839726202816,-7.501150003494415e-06,0.006029021335548565
1787280451.1324298,40.57600589999856,189.0,0.11999999731779099,-0.5605646371841431,-0.5309169292449951,0.09382155537605286,0.0,0.0,0.0,31.921857833862305,2.7096848487854004,-0.557141522554442,0.0,0.005525005515664816,0.004498843103647232,0.07612162659965642,0.4962407412236567,-0.5597925060646616,0.1185403206330487,0.0034231146297010184,-0.12286115075864301,13.48606640543897,0.006048400761456724,-7.933029594362453e-06,0.006061046628474858
1787280451.2374356,40.68035419999978,190.0,0.11999999731779099,-0.5605646371841431,-0.5384542942047119,0.08054431527853012,0.0,0.0,0.0,32.23302459716797,0.8839854001998901,-0.5625724070969,0.0,0.0056627425365149975,0.004248726647347212,0.06967322696610215,0.5065249912950263,-0.5610175176155918,0.11853491462593711,-0.0020077699127569737,-0.12285554770095601,13.484258517360303,0.0060800155342720175,-8.36396160951773e-06,0.00609307392672251
1787280451.4333472,40.87576099999933,191.0,0.11999999731779099,-0.5571855306625366,-0.5567200183868408,0.10773123055696487,0.0,0.0,0.0,32.908592224121094,1.0006892681121826,-0.5743632865071167,0.0,0.005451523698866367,0.004591808654367924,0.0632358894243154,0.5168156428726891,-0.5610602124319906,0.11853170678549478,-0.017177755844580034,-0.12285222293377056,13.505411729814755,0.006111629047101708,-8.794293864479917e-06,0.006125102483766467
1787280451.5383685,40.98077550000016,192.0,0.11999999731779099,-0.5524176359176636,-0.5725758075714111,0.11687161028385162,0.0,0.0,0.0,33.0550651550293,0.0,-0.5769197214165112,0.0,0.005451523698866367,0.004591808654367924,0.05682321635141017,0.5271213722463417,-0.5579444221204111,0.11852980330292605,-0.02450208549884758,-0.12285025006869313,13.527931833392556,0.006143240776200454,-9.223765617460792e-06,0.006157132820177962
1787280451.733087,41.1758719999998,193.0,0.11999999731779099,-0.5524176359176636,-0.5482306480407715,0.11051080375909805,0.0,0.0,0.0,33.08591079711914,0.43528538942337036,-0.5774580794308708,0.0,0.005451523698866367,0.004591808654367924,0.05042658784819929,0.5374368830458274,-0.5580658562589886,0.11852867380600915,-0.025040443513207222,-0.12284907940127594,13.529680258323063,0.006174851037182059,-9.652520681431536e-06,0.00618916462436692
1787280451.8377087,41.280887099999745,194.0,0.11999999731779099,-0.5524176359176636,-0.5239846706390381,0.10815969854593277,-0.5409867502748966,0.831290427595377,0.009918217778334463,33.277259826660156,20.4722900390625,-0.5807977500168571,0.009918217778334463,0.00537516176700592,0.004716734401881695,0.04400608031504419,0.547788257805606,-0.5588191654137225,0.11887681143276482,-0.0283801140991935,-0.11293016696712475,11.453810725370946,0.006206460714192801,-1.0080988773416005e-05,0.006221197016849394
1787280451.9417443,41.384841199998846,195.0,0.11999999731779099,-0.5506848692893982,-0.5650994777679443,0.13713493943214417,-0.8834222331643105,0.7557902950793505,0.011626064734832457,34.85542678833008,-0.8166192770004272,-0.6083419596441924,0.011626064734832457,0.0035174046643078327,0.006762958597391844,0.03757153064512694,0.5581733038463624,-0.5636902280160436,0.11914345312492078,-0.05765709035479416,-0.11143642934003828,11.343796542323206,0.0062380700993128705,-1.0508962859381503e-05,0.006253230138838739
1787280452.1384528,41.58086709999952,196.0,0.11999999731779099,-0.5179778337478638,-0.5254995822906494,0.10383579134941101,-3.6835797131061554,2.2444948554039,0.04313527171438914,32.07175064086914,-44.91796875,-0.5597576455617679,0.04313527171438914,-2.4749551812419668e-05,0.009377685375511646,0.031202447004340987,0.5687845421216094,-0.5274018514502483,0.12040980255588593,-0.04177981181390411,-0.08009121059247104,5.8618100463609855,0.006269672341002156,-1.0933066382706515e-05,0.006285270651179431
1787280452.347462,41.79057130000001,197.0,0.11999999731779099,-0.4658749997615814,-0.5101861953735352,0.11091940104961395,-5.661829933524132,5.769775807857513,0.08083726310872213,30.6511287689209,-2.909337043762207,-0.5349631164704256,0.08083726310872213,-0.006483399774879217,0.018553318455815315,0.025183080683498105,0.5799039270308906,-0.4814587854853807,0.12248715331345779,-0.06908811670884418,-0.043168041154245926,2.0236479267540592,0.006301251280481948,-1.1343094187489901e-05,0.0063173350178637
1787280452.647576,42.090695400000186,198.0,0.11999999731779099,-0.33308446407318115,-0.3687121868133545,0.15000000596046448,-9.29669439792633,16.18429273366928,0.18664400821283686,25.21344566345215,-82.94373321533203,-0.4400576425999261,0.18664400821283686,-0.04038132727146149,0.043797511607408524,0.019907741420553175,0.5920843632865672,-0.3572137524626724,0.12744087486771355,-0.10697317852674493,0.061361105254774645,4.224071203206502,0.006332781528683671,-1.1718628501843385e-05,0.00634944583517695
1787280452.8456051,42.288649899999655,199.0,0.0,0.0,-0.040857553482055664,-0.04304904490709305,-1.7741255462169647,25.192707777023315,0.2525509941758754,10.369629859924316,-201.70899963378906,-0.18098418326879795,0.2525509941758754,-0.05998429283499718,0.11108215153217316,0.017726423009735943,0.6034195609229644,-0.04082349998544332,0.08450324519443406,-0.18098418326879795,0.17417313967095727,29.564102651693204,0.006364168426159571,-1.1990819555969142e-05,0.006381638869367671
