est_x,est_y,odom_x,odom_y,gt_x,gt_y,cov_x,cov_y,cov_xy,cov_yx,heading_cmd,speed_cmd,heading,speed,setpoint_x,setpoint_y
0.0,0.0,3.4064548799506156e-06,3.9261332858586684e-05,3.4064548799506156e-06,3.9261332858586684e-05,9.999999974752427e-07,9.999999974752427e-07,0.0,0.0,0.0,0.10000000149011612,0.0,0.10000000149011612,0.5,0.5
0.0,0.0009838350815698504,6.240748007257935e-07,-4.246163371135481e-05,6.240748007257935e-07,-4.246163371135481e-05,3.225052569177933e-05,3.595130328903906e-05,0.0,0.0,0.0,0.10000000149011612,0.0,0.10000000149011612,0.5,0.5
0.0,0.004209848120808601,0.00023258676810655743,0.0025961678475141525,0.00023258676810655743,0.0025961678475141525,6.351082993205637e-05,7.25434729247354e-05,0.0,0.0,0.0,0.10000000149011612,0.0,0.10000000149011612,0.5,0.5
7.1443923843617085e-06,0.009578045457601547,0.00023258676810655743,0.0025961678475141525,0.00023258676810655743,0.0025961678475141525,9.478126594331115e-05,0.00010831403778865933,3.2971476660037524e-09,3.2971476660037524e-09,0.0,0.10000000149011612,0.0,0.10000000149011612,0.5,0.5
7.267369801411405e-05,0.016209540888667107,0.00047445917152799666,0.009637508541345596,0.00047445917152799666,0.009637508541345596,0.00012606113159563392,0.00014302428462542593,2.20283844498681e-08,2.20283844498681e-08,0.0,0.10000000149011612,0.0,0.10000000149011612,0.5,0.5
0.00014416873455047607,0.02352040447294712,0.0013975169276818633,0.01251540333032608,0.0013975169276818633,0.01251540333032608,0.00015734769112896174,0.00017688694060780108,3.8022644588409094e-08,3.8022644588409094e-08,0.0,0.10000000149011612,0.0,0.10000000149011612,0.5,0.5
0.0002576406404841691,0.03134138882160187,0.0013975169276818633,0.01251540333032608,0.0013975169276818633,0.01251540333032608,0.0001886382233351469,0.00021016280516050756,5.701634719912363e-08,5.701634719912363e-08,0.0,0.10000000149011612,0.0,0.10000000149011612,0.5,0.5
0.0003668939461931586,0.03948799520730972,0.002983303740620613,0.012548294849693775,0.002983303740620613,0.012548294849693775,0.00021993120026309043,0.00024305922852363437,7.340020857782292e-08,7.340020857782292e-08,0.0,0.10000000149011612,0.0,0.10000000149011612,0.5,0.5
0.0004770859086420387,0.04775071144104004,0.002983303740620613,0.012548294849693775,0.002983303740620613,0.012548294849693775,0.0002512256905902177,0.00027571903774514794,8.854509303546365e-08,8.854509303546365e-08,0.0,0.10000000149011612,0.0,0.10000000149011612,0.5,0.5
0.0005878336960449815,0.05609859526157379,0.002218659268692136,0.01326778531074524,0.002218659268692136,0.01326778531074524,0.0002825206611305475,0.0003082342736888677,1.0292377083942483e-07,1.0292377083942483e-07,0.0,0.10000000149011612,0.0,0.10000000149011612,0.5,0.5
0.000699276162777096,0.06453254818916321,0.0014929925091564655,0.015359754674136639,0.0014929925091564655,0.015359754674136639,0.00031381589360535145,0.00034066225634887815,1.168289074371387e-07,1.168289074371387e-07,0.0,0.10000000149011612,0.0,0.10000000149011612,0.5,0.5
0.0007938728085719049,0.07298372685909271,0.0014929925091564655,0.015359754674136639,0.0014929925091564655,0.015359754674136639,0.0003451115044299513,0.00037303793942555785,1.2916929392758902e-07,1.2916929392758902e-07,0.0,0.10000000149011612,0.0,0.10000000149011612,0.5,0.5
0.0008816439658403397,0.0814448744058609,0.00181727041490376,0.015197002328932285,0.00181727041490376,0.015197002328932285,0.00037640711525455117,0.00040538242319598794,1.4055044061933586e-07,1.4055044061933586e-07,0.0,0.10000000149011612,0.0,0.10000000149011612,0.5,0.5
0.0009703047689981759,0.08997839689254761,0.0020135764498263597,0.014964745379984379,0.0020135764498263597,0.014964745379984379,0.0004077026969753206,0.00043770833872258663,1.515487895176193e-07,1.515487895176193e-07,0.0,0.10000000149011612,0.0,0.10000000149011612,0.5,0.5
0.0010726111941039562,0.09849200397729874,0.0020135764498263597,0.014964745379984379,0.0020135764498263597,0.014964745379984379,0.00043899877346120775,0.0004700231656897813,1.633027864045289e-07,1.633027864045289e-07,0.0,0.10000000149011612,0.0,0.10000000149011612,0.5,0.5
0.0011920984834432602,0.10698991268873215,0.002031777985394001,0.01527759525924921,0.002031777985394001,0.01527759525924921,0.00047029470442794263,0.0005023314151912928,1.7641222882502916e-07,1.7641222882502916e-07,0.0,0.10000000149011612,0.0,0.10000000149011612,0.5,0.5
0.0013121975352987647,0.11555441468954086,0.0020401375368237495,0.01564466580748558,0.0020401375368237495,0.01564466580748558,0.0005015905480831861,0.0005346357356756926,1.8989717887052393e-07,1.8989717887052393e-07,0.0,0.10000000149011612,0.0,0.10000000149011612,0.5,0.5
0.0014297073939815164,0.12408778071403503,0.001917809946462512,0.016455456614494324,0.001917809946462512,0.016455456614494324,0.0005328868282958865,0.0005669377278536558,2.0345062523574597e-07,2.0345062523574597e-07,0.0,0.10000000149011612,0.0,0.10000000149011612,0.5,0.5
0.0015398998511955142,0.1325976699590683,0.002300687599927187,0.018310245126485825,0.002300687599927187,0.018310245126485825,0.0005641828756779432,0.0005992383812554181,2.1661205096279446e-07,2.1661205096279446e-07,0.0,0.10000000149011612,0.0,0.10000000149011612,0.5,0.5
0.0016243236605077982,0.14119070768356323,0.002300687599927187,0.018310245126485825,0.002300687599927187,0.018310245126485825,0.0005954786902293563,0.0006315382197499275,2.2781124187076784e-07,2.2781124187076784e-07,0.0,0.10000000149011612,0.0,0.10000000149011612,0.5,0.5
0.0017085782019421458,0.1498396396636963,0.0028981182258576155,0.020511794835329056,0.0028981182258576155,0.020511794835329056,0.0006267750868573785,0.0006638376507908106,2.38417555920023e-07,2.38417555920023e-07,0.0,0.10000000149011612,0.0,0.10000000149011612,0.5,0.5
0.0017932807095348835,0.15852037072181702,0.0034863227047026157,0.02196149341762066,0.0034863227047026157,0.02196149341762066,0.0006580718327313662,0.0006961367325857282,2.4869441972441564e-07,2.4869441972441564e-07,0.0,0.10000000149011612,0.0,0.10000000149011612,0.5,0.5
0.001886705751530826,0.16713766753673553,0.0034863227047026157,0.02196149341762066,0.0034863227047026157,0.02196149341762066,0.0006893688114359975,0.0007284356979653239,2.594240413600346e-07,2.594240413600346e-07,0.0,0.10000000149011612,0.0,0.10000000149011612,0.5,0.5
0.0019949248526245356,0.17571145296096802,0.003498755395412445,0.02632184885442257,0.003498755395412445,0.02632184885442257,0.0007206653826870024,0.0007607344887219369,2.7128149326927087e-07,2.7128149326927087e-07,0.0,0.10000000149011612,0.0,0.10000000149011612,0.5,0.5
0.0021049382630735636,0.1844518780708313,0.003006722079589963,0.0333586186170578,0.003006722079589963,0.0333586186170578,0.0007519616046920419,0.000793033221270889,2.83445075410782e-07,2.83445075410782e-07,0.0,0.10000000149011612,0.0,0.10000000149011612,0.5,0.5
0.0022045529913157225,0.19338589906692505,0.003294911002740264,0.04185137897729874,0.003294911002740264,0.04185137897729874,0.0007832591072656214,0.0008253319538198411,2.948999338059366e-07,2.948999338059366e-07,0.0,0.10000000149011612,0.0,0.10000000149011612,0.5,0.5
0.002293958328664303,0.20233148336410522,0.0012045057956129313,0.050481680780649185,0.0012045057956129313,0.050481680780649185,0.0008145578322000802,0.0008576306863687932,3.055248782857234e-07,3.055248782857234e-07,0.0,0.10000000149011612,0.0,0.10000000149011612,0.5,0.5
0.0024138586595654488,0.211378812789917,0.0012045057956129313,0.050481680780649185,0.0012045057956129313,0.050481680780649185,0.0008458566153421998,0.0008899293607100844,3.1788059118298406e-07,3.1788059118298406e-07,0.0,0.10000000149011612,0.0,0.10000000149011612,0.5,0.5
0.0025209542363882065,0.2204941064119339,0.004196008201688528,0.05874784290790558,0.004196008201688528,0.05874784290790558,0.0008771561551839113,0.0009222280350513756,3.2967273000394925e-07,3.2967273000394925e-07,0.0,0.10000000149011612,0.0,0.10000000149011612,0.5,0.5
0.002629233058542013,0.22970961034297943,0.01098999846726656,0.07230500131845474,0.01098999846726656,0.07230500131845474,0.0009084561024792492,0.0009545267093926668,3.414390334910422e-07,3.414390334910422e-07,0.0,0.10000000149011612,0.0,0.10000000149011612,0.5,0.5
0.002748423255980015,0.2390655130147934,0.01098999846726656,0.07230500131845474,0.01098999846726656,0.07230500131845474,0.000939756806474179,0.000986825325526297,3.5379164842197497e-07,3.5379164842197497e-07,0.0,0.10000000149011612,0.0,0.10000000149011612,0.5,0.5
0.00287058693356812,0.2485101968050003,0.014361214824020863,0.08667906373739243,0.014361214824020863,0.08667906373739243,0.0009710584999993443,0.0010191239416599274,3.6639872291743814e-07,3.6639872291743814e-07,0.0,0.10000000149011612,0.0,0.10000000149011612,0.5,0.5
0.0029931028839200735,0.25798115134239197,0.012498291209340096,0.10318311303853989,0.012498291209340096,0.10318311303853989,0.0010023608338087797,0.0010514226742088795,3.791165568145516e-07,3.791165568145516e-07,0.0,0.10000000149011612,0.0,0.10000000149011612,0.5,0.5
0.0031046292278915644,0.2676425278186798,0.010151876136660576,0.12312696874141693,0.010151876136660576,0.12312696874141693,0.001033663167618215,0.0010837212903425097,3.910453756361676e-07,3.910453756361676e-07,0.0,0.10000000149011612,0.0,0.10000000149011612,0.5,0.5
0.0031912936829030514,0.2773953974246979,0.011843402869999409,0.1426607370376587,0.011843402869999409,0.1426607370376587,0.0010649670148268342,0.0011160200228914618,4.011513112800458e-07,4.011513112800458e-07,0.0,0.10000000149011612,0.0,0.10000000149011612,0.5,0.5
0.0032916089985519648,0.28730326890945435,0.011843402869999409,0.1426607370376587,0.011843402869999409,0.1426607370376587,0.0010962714441120625,0.001148318755440414,4.1149084495373245e-07,4.1149084495373245e-07,0.0,0.10000000149011612,0.0,0.10000000149011612,0.5,0.5
0.003410442266613245,0.2973102629184723,0.018432751297950745,0.16601356863975525,0.018432751297950745,0.16601356863975525,0.001127577037550509,0.0011806173715740442,4.227844385695789e-07,4.227844385695789e-07,0.0,0.10000000149011612,0.0,0.10000000149011612,0.5,0.5
0.0035318469163030386,0.30753323435783386,0.024279821664094925,0.19311241805553436,0.024279821664094925,0.19311241805553436,0.0011588833294808865,0.0012129159877076745,4.3428084950392076e-07,4.3428084950392076e-07,0.0,0.10000000149011612,0.0,0.10000000149011612,0.5,0.5
0.003667391138151288,0.3177576959133148,0.024279821664094925,0.19311241805553436,0.024279821664094925,0.19311241805553436,0.0011901913676410913,0.0012452147202566266,4.4672350441032904e-07,4.4672350441032904e-07,0.0,0.10000000149011612,0.0,0.10000000149011612,0.5,0.5
0.0037878670264035463,0.3279736340045929,0.026766903698444366,0.22543813288211823,0.026766903698444366,0.22543813288211823,0.0012214991729706526,0.0012775133363902569,4.585546662383422e-07,4.585546662383422e-07,0.0,0.10000000149011612,0.0,0.10000000149011612,0.5,0.5
0.003910168539732695,0.338344544172287,0.026404734700918198,0.25626394152641296,0.026404734700918198,0.25626394152641296,0.0012528069783002138,0.001309812068939209,4.703253466686874e-07,4.703253466686874e-07,0.0,0.10000000149011612,0.0,0.10000000149011612,0.5,0.5
0.0040367054753005505,0.3487774133682251,0.02815442718565464,0.2844502329826355,0.02815442718565464,0.2844502329826355,0.0012841160641983151,0.0013421106850728393,4.822537675863714e-07,4.822537675863714e-07,0.0,0.10000000149011612,0.0,0.10000000149011612,0.5,0.5
0.004159053787589073,0.35924476385116577,0.03454378992319107,0.30630558729171753,0.03454378992319107,0.30630558729171753,0.001315425499342382,0.0013744093012064695,4.939376481161162e-07,4.939376481161162e-07,0.0,0.10000000149011612,0.0,0.10000000149011612,0.5,0.5
0.0042588310316205025,0.36946699023246765,0.03454378992319107,0.30630558729171753,0.03454378992319107,0.30630558729171753,0.0013467351673170924,0.0014067080337554216,5.044014415034326e-07,5.044014415034326e-07,0.0,0.10000000149011612,0.0,0.10000000149011612,0.5,0.5
0.004371276590973139,0.3795247972011566,0.04059043899178505,0.3215572237968445,0.04059043899178505,0.3215572237968445,0.0013780428562313318,0.0014390067663043737,5.154174118615629e-07,5.154174118615629e-07,0.0,0.10000000149011612,0.0,0.10000000149011612,0.5,0.5
0.004480103962123394,0.38925740122795105,0.04126372188329697,0.3464095890522003,0.04126372188329697,0.3464095890522003,0.001409349380992353,0.001471305382438004,5.264730020826391e-07,5.264730020826391e-07,0.18488335609436035,0.10000000149011612,0.1745329201221466,0.10000000149011612,0.5,0.5
0.005471701268106699,0.39869633316993713,0.03847218677401543,0.3551465570926666,0.03847218677401543,0.3551465570926666,0.001440656604245305,0.0015035975957289338,5.937138212175341e-07,5.937138212175341e-07,0.5673677325248718,0.10000000149011612,0.5585053563117981,0.10000000149011612,0.5,0.5
0.008995669893920422,0.4075380861759186,0.04777051508426666,0.36947593092918396,0.04777051508426666,0.36947593092918396,0.001472002943046391,0.0015358089003711939,8.315019499605114e-07,8.315019499605114e-07,0.7084768414497375,0.10000000149011612,0.6981316804885864,0.10000000149011612,0.5,0.5
0.014371559955179691,0.41525548696517944,0.06746597588062286,0.38024017214775085,0.06746597588062286,0.38024017214775085,0.0015034560346975923,0.0015678784111514688,1.2068812793586403e-06,1.2068812793586403e-06,0.9712746143341064,0.10000000149011612,0.9599310755729675,0.10000000149011612,0.5,0.5
0.021409371867775917,0.42152777314186096,0.08059053122997284,0.39290162920951843,0.08059053122997284,0.39290162920951843,0.0015350767644122243,0.0015997467562556267,1.6683931107763783e-06,1.6683931107763783e-06,1.3165830373764038,0.10000000149011612,1.3089969158172607,0.10000000149011612,0.5,0.5
0.030273621901869774,0.4256329834461212,0.09426266700029373,0.40577301383018494,0.09426266700029373,0.40577301383018494,0.0015669196145609021,0.001631341758184135,2.1187445327086607e-06,2.1187445327086607e-06,1.5707963705062866,0.10000000149011612,1.5707963705062866,0.10000000149011612,0.5,0.5
0.04009849950671196,0.42718222737312317,0.13942481577396393,0.403765469789505,0.13942481577396393,0.403765469789505,0.0015989524545148015,0.0016627232544124126,2.4375920020247577e-06,2.4375920020247577e-06,1.5707963705062866,0.10000000149011612,1.5707963705062866,0.10000000149011612,0.5,0.5
0.05024105682969093,0.42742225527763367,0.13942481577396393,0.403765469789505,0.13942481577396393,0.403765469789505,0.001631096238270402,0.001694032922387123,2.61725267591828e-06,2.61725267591828e-06,1.5707963705062866,0.10000000149011612,1.5707963705062866,0.10000000149011612,0.5,0.5
0.06052904948592186,0.4272845685482025,0.15525569021701813,0.3904571831226349,0.15525569021701813,0.3904571831226349,0.0016633030027151108,0.0017253358382731676,2.7106323159387102e-06,2.7106323159387102e-06,1.5707963705062866,0.10000000149011612,1.5707963705062866,0.10000000149011612,0.5,0.5
0.07056693732738495,0.4270910322666168,0.1659068912267685,0.38376718759536743,0.1659068912267685,0.38376718759536743,0.0016955470200628042,0.0017566418973729014,2.7581979793467326e-06,2.7581979793467326e-06,1.5707963705062866,0.10000000149011612,1.5707963705062866,0.10000000149011612,0.5,0.5
0.08031193166971207,0.42691367864608765,0.1659068912267685,0.38376718759536743,0.1659068912267685,0.38376718759536743,0.0017278132727369666,0.0017879470251500607,2.779584292511572e-06,2.779584292511572e-06,1.5707963705062866,0.10000000149011612,1.5707963705062866,0.10000000149011612,0.5,0.5
0.08987218141555786,0.42671290040016174,0.1751808524131775,0.3877931833267212,0.1751808524131775,0.3877931833267212,0.0017600925639271736,0.0018192505231127143,2.7833004878630163e-06,2.7833004878630163e-06,1.5707963705062866,0.10000000149011612,1.5707963705062866,0.10000000149011612,0.5,0.5
0.0993264764547348,0.4265157878398895,0.18057207763195038,0.39461612701416016,0.18057207763195038,0.39461612701416016,0.0017923795385286212,0.0018505532061681151,2.777122972474899e-06,2.777122972474899e-06,1.5707963705062866,0.10000000149011612,1.5707963705062866,0.10000000149011612,0.5,0.5
0.10856528580188751,0.4263608753681183,0.18057207763195038,0.39461612701416016,0.18057207763195038,0.39461612701416016,0.0018246712861582637,0.0018818553071469069,2.7676030640577665e-06,2.7676030640577665e-06,1.5707963705062866,0.10000000149011612,1.5707963705062866,0.10000000149011612,0.5,0.5
0.11766447871923447,0.4262320101261139,0.17590032517910004,0.38851186633110046,0.17590032517910004,0.38851186633110046,0.0018569659441709518,0.0019131560111418366,2.756740286713466e-06,2.756740286713466e-06,1.5707963705062866,0.10000000149011612,1.5707963705062866,0.10000000149011612,0.5,0.5
0.12674668431282043,0.42610397934913635,0.17590032517910004,0.38851186633110046,0.17590032517910004,0.38851186633110046,0.0018892621155828238,0.00194445566739887,2.74458193416649e-06,2.74458193416649e-06,1.5707963705062866,0.10000000149011612,1.5707963705062866,0.10000000149011612,0.5,0.5
0.13582320511341095,0.42595088481903076,0.17574802041053772,0.3836505711078644,0.17574802041053772,0.3836505711078644,0.0019215592183172703,0.001975755440071225,2.729967718551052e-06,2.729967718551052e-06,1.5707963705062866,0.10000000149011612,1.5707963705062866,0.10000000149011612,0.5,0.5
0.14484922587871552,0.4257987439632416,0.18145133554935455,0.3837744891643524,0.18145133554935455,0.3837744891643524,0.0019538570195436478,0.002007055329158902,2.7144669729750603e-06,2.7144669729750603e-06,1.5707963705062866,0.10000000149011612,1.5707963705062866,0.10000000149011612,0.5,0.5
0.15386849641799927,0.42563149333000183,0.18145133554935455,0.3837744891643524,0.18145133554935455,0.3837744891643524,0.0019861548207700253,0.002038354752585292,2.6973993954015896e-06,2.6973993954015896e-06,1.5707963705062866,0.10000000149011612,1.5707963705062866,0.10000000149011612,0.5,0.5
0.16288648545742035,0.4255065321922302,0.18701618909835815,0.3890250325202942,0.18701618909835815,0.3890250325202942,0.00201845308765769,0.0020696541760116816,2.6825832719623577e-06,2.6825832719623577e-06,1.5707963705062866,0.10000000149011612,1.5707963705062866,0.10000000149011612,0.5,0.5
0.17191872000694275,0.42538124322891235,0.18704316020011902,0.39410027861595154,0.18704316020011902,0.39410027861595154,0.0020507515873759985,0.0021009533666074276,2.6681482268031687e-06,2.6681482268031687e-06,1.5707963705062866,0.10000000149011612,1.5707963705062866,0.10000000149011612,0.5,0.5
0.1808440387248993,0.42529213428497314,0.18704316020011902,0.39410027861595154,0.18704316020011902,0.39410027861595154,0.002083050087094307,0.0021322527900338173,2.65627841145033e-06,2.65627841145033e-06,1.5707963705062866,0.10000000149011612,1.5707963705062866,0.10000000149011612,0.5,0.5
0.18969756364822388,0.4252181351184845,0.1786811351776123,0.3863954246044159,0.1786811351776123,0.3863954246044159,0.002115348819643259,0.0021635512821376324,2.646138000272913e-06,2.646138000272913e-06,1.5707963705062866,0.10000000149011612,1.5707963705062866,0.10000000149011612,0.5,0.5
0.19860640168190002,0.4251432418823242,0.1786811351776123,0.3863954246044159,0.1786811351776123,0.3863954246044159,0.002147647552192211,0.00219484930858016,2.6366844849690096e-06,2.6366844849690096e-06,1.5707963705062866,0.10000000149011612,1.5707963705062866,0.10000000149011612,0.5,0.5
0.20755410194396973,0.42499905824661255,0.17921562492847443,0.3825538456439972,0.17921562492847443,0.3825538456439972,0.0021799460519105196,0.002226148033514619,2.622974079713458e-06,2.622974079713458e-06,1.5707963705062866,0.10000000149011612,1.5707963705062866,0.10000000149011612,0.5,0.5
0.2164822518825531,0.4248553216457367,0.18737399578094482,0.3842971920967102,0.18737399578094482,0.3842971920967102,0.002212244551628828,0.0022574467584490776,2.6083182547154138e-06,2.6083182547154138e-06,1.5707963705062866,0.10000000149011612,1.5707963705062866,0.10000000149011612,0.5,0.5
0.22558505833148956,0.42470088601112366,0.18737399578094482,0.3842971920967102,0.18737399578094482,0.3842971920967102,0.0022445430513471365,0.00228874571621418,2.592533746792469e-06,2.592533746792469e-06,1.5707963705062866,0.10000000149011612,1.5707963705062866,0.10000000149011612,0.5,0.5
0.23480576276779175,0.4246104657649994,0.19540098309516907,0.3898111581802368,0.19540098309516907,0.3898111581802368,0.0022768417838960886,0.002320045605301857,2.5806689336604904e-06,2.5806689336604904e-06,1.5707963705062866,0.10000000149011612,1.5707963705062866,0.10000000149011612,0.5,0.5
0.24396315217018127,0.424520879983902,0.19560477137565613,0.3927443027496338,0.19560477137565613,0.3927443027496338,0.0023091405164450407,0.002351346192881465,2.569648131611757e-06,2.569648131611757e-06,1.5707963705062866,0.10000000149011612,1.5707963705062866,0.10000000149011612,0.5,0.5
0.2530074119567871,0.4244700074195862,0.19560477137565613,0.3927443027496338,0.19560477137565613,0.3927443027496338,0.002341439248993993,0.0023826463147997856,2.561629571573576e-06,2.561629571573576e-06,1.5707963705062866,0.10000000149011612,1.5707963705062866,0.10000000149011612,0.5,0.5
0.26197972893714905,0.4244227409362793,0.19147035479545593,0.3892862796783447,0.19147035479545593,0.3892862796783447,0.002373737981542945,0.0024139457382261753,2.554783804953331e-06,2.554783804953331e-06,1.5707963705062866,0.10000000149011612,1.5707963705062866,0.10000000149011612,0.5,0.5
0.2709626257419586,0.42437511682510376,0.1903640180826187,0.38420963287353516,0.1903640180826187,0.38420963287353516,0.002406036714091897,0.002445244463160634,2.5485533114988357e-06,2.5485533114988357e-06,1.5707963705062866,0.10000000149011612,1.5707963705062866,0.10000000149011612,0.5,0.5
0.27984732389450073,0.42429572343826294,0.19277222454547882,0.38391995429992676,0.19277222454547882,0.38391995429992676,0.002438335446640849,0.0024765434209257364,2.5405024643987417e-06,2.5405024643987417e-06,1.5707963705062866,0.10000000149011612,1.5707963705062866,0.10000000149011612,0.5,0.5
0.2886753976345062,0.42417630553245544,0.20011211931705475,0.38756662607192993,0.20011211931705475,0.38756662607192993,0.002470634179189801,0.002507841680198908,2.5293222734035226e-06,2.5293222734035226e-06,1.5707963705062866,0.10000000149011612,1.5707963705062866,0.10000000149011612,0.5,0.5
0.29762527346611023,0.4240764081478119,0.20011211931705475,0.38756662607192993,0.20011211931705475,0.38756662607192993,0.0025029326789081097,0.0025391397066414356,2.518618430258357e-06,2.518618430258357e-06,1.5707963705062866,0.10000000149011612,1.5707963705062866,0.10000000149011612,0.5,0.5
0.30665844678878784,0.4240110218524933,0.20656652748584747,0.39075997471809387,0.20656652748584747,0.39075997471809387,0.0025352314114570618,0.0025704384315758944,2.5101242044911487e-06,2.5101242044911487e-06,1.5707963705062866,0.10000000149011612,1.5707963705062866,0.10000000149011612,0.5,0.5
0.31576743721961975,0.42394495010375977,0.21483953297138214,0.38914600014686584,0.21483953297138214,0.38914600014686584,0.002567530144006014,0.002601737855002284,2.502132929294021e-06,2.502132929294021e-06,1.5707963705062866,0.10000000149011612,1.5707963705062866,0.10000000149011612,0.5,0.5
0.3249709904193878,0.42387527227401733,0.21483953297138214,0.38914600014686584,0.21483953297138214,0.38914600014686584,0.002599828876554966,0.0026330375112593174,2.494253976692562e-06,2.494253976692562e-06,1.5707963705062866,0.10000000149011612,1.5707963705062866,0.10000000149011612,0.5,0.5
0.3342339098453522,0.4237857162952423,0.22510936856269836,0.38331878185272217,0.22510936856269836,0.38331878185272217,0.002632127609103918,0.0026643380988389254,2.485228378645843e-06,2.485228378645843e-06,1.5707963705062866,0.10000000149011612,1.5707963705062866,0.10000000149011612,0.5,0.5
0.3435734808444977,0.42369547486305237,0.23797328770160675,0.3786017596721649,0.23797328770160675,0.3786017596721649,0.00266442634165287,0.0026956391520798206,2.47595448854554e-06,2.47595448854554e-06,1.5707963705062866,0.10000000149011612,1.5707963705062866,0.10000000149011612,0.5,0.5
0.3529013693332672,0.42357057332992554,0.25208011269569397,0.378659188747406,0.25208011269569397,0.378659188747406,0.0026967250742018223,0.002726940670982003,2.464270210111863e-06,2.464270210111863e-06,1.5707963705062866,0.10000000149011612,1.5707963705062866,0.10000000149011612,0.5,0.5
0.3622869849205017,0.42343658208847046,0.2650335133075714,0.38058122992515564,0.2650335133075714,0.38058122992515564,0.0027290238067507744,0.002758241957053542,2.4513615244359244e-06,2.4513615244359244e-06,1.5707963705062866,0.10000000149011612,1.5707963705062866,0.10000000149011612,0.5,0.5
0.3717336356639862,0.4233326315879822,0.2650335133075714,0.38058122992515564,0.2650335133075714,0.38058122992515564,0.002761322306469083,0.002789543941617012,2.439917579977191e-06,2.439917579977191e-06,1.5707963705062866,0.10000000149011612,1.5707963705062866,0.10000000149011612,0.5,0.5
0.38121771812438965,0.42322513461112976,0.27904248237609863,0.3816617429256439,0.27904248237609863,0.3816617429256439,0.002793621039018035,0.0028208461590111256,2.4284688606712734e-06,2.4284688606712734e-06,1.5707963705062866,0.10000000149011612,1.5707963705062866,0.10000000149011612,0.5,0.5
0.3908294141292572,0.42311617732048035,0.29684358835220337,0.37932226061820984,0.29684358835220337,0.37932226061820984,0.002825919771566987,0.0028521486092358828,2.417085397610208e-06,2.417085397610208e-06,1.5707963705062866,0.10000000149011612,1.5707963705062866,0.10000000149011612,0.5,0.5
0.400586873292923,0.4230191707611084,0.29684358835220337,0.37932226061820984,0.29684358835220337,0.37932226061820984,0.002858218504115939,0.0028834519907832146,2.406608018645784e-06,2.406608018645784e-06,1.5707963705062866,0.10000000149011612,1.5707963705062866,0.10000000149011612,0.5,0.5
0.41043514013290405,0.42292094230651855,0.31675413250923157,0.3740299344062805,0.31675413250923157,0.3740299344062805,0.0028905170038342476,0.0029147565364837646,2.3963609692145837e-06,2.3963609692145837e-06,1.5707963705062866,0.10000000149011612,1.5707963705062866,0.10000000149011612,0.5,0.5
0.42037925124168396,0.4228217899799347,0.37102383375167847,0.36646533012390137,0.37102383375167847,0.36646533012390137,0.0029228157363831997,0.0029460617806762457,2.38625830206729e-06,2.38625830206729e-06,1.8349425792694092,0.10000000149011612,1.832595705986023,0.10000000149011612,0.5,0.5
0.43091920018196106,0.42134496569633484,0.4036564230918884,0.3641147017478943,0.4036564230918884,0.3641147017478943,0.002955101663246751,0.0029773730784654617,2.2945512228034204e-06,2.2945512228034204e-06,2.6779329776763916,0.10000000149011612,2.670353651046753,0.10000000149011612,0.5,0.5
0.4403216242790222,0.4158974885940552,0.4503451883792877,0.33643418550491333,0.4503451883792877,0.33643418550491333,0.0029872250743210316,0.0030088829807937145,2.0142515495535918e-06,2.0142515495535918e-06,3.141592502593994,0.10000000149011612,3.1241393089294434,0.10000000149011612,0.5,0.5
0.44460946321487427,0.4059181809425354,0.4503451883792877,0.33643418550491333,0.4503451883792877,0.33643418550491333,0.0030189454555511475,0.0030406303703784943,1.6586009223829024e-06,1.6586009223829024e-06,3.141592502593994,0.10000000149011612,3.1241393089294434,0.10000000149011612,0.5,0.5
0.4449005424976349,0.3949919641017914,0.4546164870262146,0.30208346247673035,0.4546164870262146,0.30208346247673035,0.0030502574518322945,0.003072574734687805,1.3861381376045756e-06,1.3861381376045756e-06,3.141592502593994,0.10000000149011612,3.1241393089294434,0.10000000149011612,0.5,0.5
0.4450474977493286,0.38408157229423523,0.46166911721229553,0.29113736748695374,0.46166911721229553,0.29113736748695374,0.0030815715435892344,0.003104663686826825,1.223718527398887e-06,1.223718527398887e-06,3.141592502593994,0.10000000149011612,3.1241393089294434,0.10000000149011612,0.5,0.5
0.4447517395019531,0.3738847076892853,0.45630043745040894,0.2966281473636627,0.45630043745040894,0.2966281473636627,0.003112879814580083,0.0031368378549814224,1.141252027991868e-06,1.141252027991868e-06,3.141592502593994,0.10000000149011612,3.1241393089294434,0.10000000149011612,0.5,0.5
0.4445997178554535,0.36413753032684326,0.45533937215805054,0.2997356355190277,0.45533937215805054,0.2997356355190277,0.003144185058772564,0.0031690625473856926,1.0964340617647395e-06,1.0964340617647395e-06,3.141592502593994,0.10000000149011612,3.1241393089294434,0.10000000149011612,0.5,0.5
0.4445606768131256,0.35467931628227234,0.45533937215805054,0.2997356355190277,0.45533937215805054,0.2997356355190277,0.003175488905981183,0.0032013175077736378,1.069189920599456e-06,1.069189920599456e-06,3.141592502593994,0.10000000149011612,3.1241393089294434,0.10000000149011612,0.5,0.5
0.44449663162231445,0.34539687633514404,0.45687898993492126,0.29483211040496826,0.45687898993492126,0.29483211040496826,0.0032067906577140093,0.0032335901632905006,1.0561965382294147e-06,1.0561965382294147e-06,3.141592502593994,0.10000000149011612,3.1241393089294434,0.10000000149011612,0.5,0.5
0.4444355070590973,0.33621785044670105,0.4572608172893524,0.29010748863220215,0.4572608172893524,0.29010748863220215,0.003238091478124261,0.0032658735290169716,1.0510572110433714e-06,1.0510572110433714e-06,3.141592502593994,0.10000000149011612,3.1241393089294434,0.10000000149011612,0.5,0.5
0.4443102777004242,0.32723385095596313,0.4572608172893524,0.29010748863220215,0.4572608172893524,0.29010748863220215,0.0032693916000425816,0.003298163181170821,1.0549042599450331e-06,1.0549042599450331e-06,3.141592502593994,0.10000000149011612,3.1241393089294434,0.10000000149011612,0.5,0.5
0.4440546929836273,0.3183783292770386,0.45674702525138855,0.2923402488231659,0.45674702525138855,0.2923402488231659,0.003300690557807684,0.0033304558601230383,1.0717143368310644e-06,1.0717143368310644e-06,3.141592502593994,0.10000000149011612,3.1241393089294434,0.10000000149011612,0.5,0.5
0.44380345940589905,0.309598833322525,0.4559910297393799,0.29555121064186096,0.4559910297393799,0.29555121064186096,0.0033319888170808554,0.003362750867381692,1.093193759515998e-06,1.093193759515998e-06,3.141592502593994,0.10000000149011612,3.1241393089294434,0.10000000149011612,0.5,0.5
0.4436400532722473,0.300836443901062,0.45523470640182495,0.2978808879852295,0.45523470640182495,0.2978808879852295,0.0033632866106927395,0.0033950472716242075,1.1115396318928106e-06,1.1115396318928106e-06,3.141592502593994,0.10000000149011612,3.1241393089294434,0.10000000149011612,0.5,0.5
0.4435606598854065,0.29215681552886963,0.4553694427013397,0.29709315299987793,0.4553694427013397,0.29709315299987793,0.00339458417147398,0.0034273448400199413,1.1243142807870754e-06,1.1243142807870754e-06,3.141592502593994,0.10000000149011612,3.1241393089294434,0.10000000149011612,0.5,0.5
0.4435373544692993,0.28350600600242615,0.4553694427013397,0.29709315299987793,0.4553694427013397,0.29709315299987793,0.0034258810337632895,0.0034596428740769625,1.1317658845655387e-06,1.1317658845655387e-06,3.141592502593994,0.10000000149011612,3.1241393089294434,0.10000000149011612,0.5,0.5
0.44350072741508484,0.27487072348594666,0.4560915231704712,0.2945544123649597,0.4560915231704712,0.2945544123649597,0.0034571776632219553,0.0034919411409646273,1.138260245170386e-06,1.138260245170386e-06,3.141592502593994,0.10000000149011612,3.1241393089294434,0.10000000149011612,0.5,0.5
0.4434635043144226,0.26620835065841675,0.4566272497177124,0.2919296622276306,0.4566272497177124,0.2919296622276306,0.003488474292680621,0.0035242396406829357,1.1438925184847903e-06,1.1438925184847903e-06,3.141592502593994,0.10000000149011612,3.1241393089294434,0.10000000149011612,0.5,0.5
0.44336390495300293,0.25751572847366333,0.4566272497177124,0.2919296622276306,0.4566272497177124,0.2919296622276306,0.0035197711549699306,0.003556538140401244,1.1533231827343116e-06,1.1533231827343116e-06,3.141592502593994,0.10000000149011612,3.1241393089294434,0.10000000149011612,0.5,0.5
0.44324079155921936,0.24880430102348328,0.4567282497882843,0.28901901841163635,0.4567282497882843,0.28901901841163635,0.003551068250089884,0.0035888368729501963,1.1651856084426981e-06,1.1651856084426981e-06,3.141592502593994,0.10000000149011612,3.1241393089294434,0.10000000149011612,0.5,0.5
0.4431189000606537,0.24016454815864563,0.45659565925598145,0.28928342461586,0.45659565925598145,0.28928342461586,0.003582365345209837,0.0036211353726685047,1.1779354736063397e-06,1.1779354736063397e-06,3.141592502593994,0.10000000149011612,3.1241393089294434,0.10000000149011612,0.5,0.5
0.4430224597454071,0.2315349578857422,0.4566342532634735,0.28881096839904785,0.4566342532634735,0.28881096839904785,0.003613661974668503,0.003653433872386813,1.1894750286955968e-06,1.1894750286955968e-06,3.141592502593994,0.10000000149011612,3.1241393089294434,0.10000000149011612,0.5,0.5
0.44296130537986755,0.22296376526355743,0.45663556456565857,0.28875061869621277,0.45663556456565857,0.28875061869621277,0.0036449586041271687,0.0036857326049357653,1.198453674078337e-06,1.198453674078337e-06,3.141592502593994,0.10000000149011612,3.1241393089294434,0.10000000149011612,0.5,0.5
0.44289880990982056,0.21438750624656677,0.45663556456565857,0.28875061869621277,0.45663556456565857,0.28875061869621277,0.003676254767924547,0.0037180313374847174,1.206798060593428e-06,1.206798060593428e-06,3.141592502593994,0.10000000149011612,3.1241393089294434,0.10000000149011612,0.5,0.5
0.4428376257419586,0.20580512285232544,0.45644307136535645,0.28882890939712524,0.45644307136535645,0.28882890939712524,0.0037075509317219257,0.0037503300700336695,1.2146352901254431e-06,1.2146352901254431e-06,3.141592502593994,0.10000000149011612,3.1241393089294434,0.10000000149011612,0.5,0.5
0.44277656078338623,0.1972576081752777,0.45657530426979065,0.2875143587589264,0.45657530426979065,0.2875143587589264,0.003738847328349948,0.0037826288025826216,1.2222083114465931e-06,1.2222083114465931e-06,3.141592502593994,0.10000000149011612,3.1241393089294434,0.10000000149011612,0.5,0.5
0.442733496427536,0.18873870372772217,0.45657530426979065,0.2875143587589264,0.45657530426979065,0.2875143587589264,0.003770143259316683,0.0038149275351315737,1.2283647947697318e-06,1.2283647947697318e-06,3.141592502593994,0.10000000149011612,3.1241393089294434,0.10000000149011612,0.5,0.5
0.44266989827156067,0.18023735284805298,0.45657530426979065,0.2875143587589264,0.45657530426979065,0.2875143587589264,0.003801438957452774,0.0038472262676805258,1.2355502576610888e-06,1.2355502576610888e-06,3.141592502593994,0.10000000149011612,3.1241393089294434,0.10000000149011612,0.5,0.5
0.44260644912719727,0.17174632847309113,0.45657530426979065,0.2875143587589264,0.45657530426979065,0.2875143587589264,0.0038327346555888653,0.0038795252330601215,1.2428574791556457e-06,1.2428574791556457e-06,3.141592502593994,0.10000000149011612,3.1241393089294434,0.10000000149011612,0.5,0.5
0.44254305958747864,0.16326144337654114,0.45657530426979065,0.2875143587589264,0.45657530426979065,0.2875143587589264,0.0038640303537249565,0.003911823965609074,1.250238824468397e-06,1.250238824468397e-06,3.141592502593994,0.10000000149011612,3.1241393089294434,0.10000000149011612,0.5,0.5
0.44247967004776,0.15478019416332245,0.45657530426979065,0.2875143587589264,0.45657530426979065,0.2875143587589264,0.0038953260518610477,0.003944122698158026,1.2576666676977766e-06,1.2576666676977766e-06,3.141592502593994,0.10000000149011612,3.1241393089294434,0.10000000149011612,0.5,0.5
0.44241631031036377,0.14630112051963806,0.45657530426979065,0.2875143587589264,0.45657530426979065,0.2875143587589264,0.003926621749997139,0.003976421430706978,1.265121909455047e-06,1.265121909455047e-06,3.141592502593994,0.10000000149011612,3.1241393089294434,0.10000000149011612,0.5,0.5
0.44235292077064514,0.13782331347465515,0.45657530426979065,0.2875143587589264,0.45657530426979065,0.2875143587589264,0.003957916982471943,0.00400872016325593,1.27259647797473e-06,1.27259647797473e-06,3.141592502593994,0.10000000149011612,3.1241393089294434,0.10000000149011612,0.5,0.5
0.4422895312309265,0.12934626638889313,0.45657530426979065,0.2875143587589264,0.45657530426979065,0.2875143587589264,0.003989212680608034,0.004041018895804882,1.2800812783098081e-06,1.2800812783098081e-06,3.141592502593994,0.10000000149011612,3.1241393089294434,0.10000000149011612,0.5,0.5
0.4422261416912079,0.12086967378854752,0.45657530426979065,0.2875143587589264,0.45657530426979065,0.2875143587589264,0.004020508378744125,0.004073317628353834,1.2875732409156626e-06,1.2875732409156626e-06,3.141592502593994,0.10000000149011612,3.1241393089294434,0.10000000149011612,0.5,0.5
0.4421626031398773,0.1123933494091034,0.45657530426979065,0.2875143587589264,0.45657530426979065,0.2875143587589264,0.004051803611218929,0.004105616360902786,1.2950818017998245e-06,1.2950818017998245e-06,3.141592502593994,0.10000000149011612,3.1241393089294434,0.10000000149011612,0.5,0.5
0.44209903478622437,0.1039171814918518,0.4566307067871094,0.2876146733760834,0.4566307067871094,0.2876146733760834,0.0040830993093550205,0.004137915093451738,1.3025952512180083e-06,1.3025952512180083e-06,3.141592502593994,0.10000000149011612,3.1241393089294434,0.10000000149011612,0.5,0.5
0.44203516840934753,0.09539582580327988,0.45677173137664795,0.28787001967430115,0.45677173137664795,0.28787001967430115,0.004114395007491112,0.0041702138260006905,1.3101118838676484e-06,1.3101118838676484e-06,3.141592502593994,0.10000000149011612,3.1241393089294434,0.10000000149011612,0.5,0.5
0.44197139143943787,0.08688975870609283,0.45677173137664795,0.28787001967430115,0.45677173137664795,0.28787001967430115,0.004145690705627203,0.0042025125585496426,1.3176279480831e-06,1.3176279480831e-06,3.141592502593994,0.10000000149011612,3.1241393089294434,0.10000000149011612,0.5,0.5
0.44190773367881775,0.07839594036340714,0.45677173137664795,0.28787001967430115,0.45677173137664795,0.28787001967430115,0.004176986403763294,0.004234811291098595,1.3251444670459023e-06,1.3251444670459023e-06,3.141592502593994,0.10000000149011612,3.1241393089294434,0.10000000149011612,0.5,0.5
0.44184401631355286,0.06990939378738403,0.45677173137664795,0.28787001967430115,0.45677173137664795,0.28787001967430115,0.0042082821018993855,0.004267110023647547,1.3326700809557224e-06,1.3326700809557224e-06,3.141592502593994,0.10000000149011612,3.1241393089294434,0.10000000149011612,0.5,0.5
0.44178035855293274,0.06142716854810715,0.45677173137664795,0.28787001967430115,0.45677173137664795,0.28787001967430115,0.004239577800035477,0.004299408756196499,1.340195922239218e-06,1.340195922239218e-06,3.141592502593994,0.10000000149011612,3.1241393089294434,0.10000000149011612,0.5,0.5
0.441716730594635,0.052947498857975006,0.45677173137664795,0.28787001967430115,0.45677173137664795,0.28787001967430115,0.004270873498171568,0.004331707488745451,1.347722786704253e-06,1.347722786704253e-06,3.141592502593994,0.10000000149011612,3.1241393089294434,0.10000000149011612,0.5,0.5
0.4416531026363373,0.04446934908628464,0.45677173137664795,0.28787001967430115,0.45677173137664795,0.28787001967430115,0.004302168730646372,0.004364006221294403,1.3552510154113406e-06,1.3552510154113406e-06,3.141592502593994,0.10000000149011612,3.1241393089294434,0.10000000149011612,0.5,0.5
0.44158947467803955,0.0359921008348465,0.45677173137664795,0.28787001967430115,0.45677173137664795,0.28787001967430115,0.004333464428782463,0.004396304953843355,1.3627795851789415e-06,1.3627795851789415e-06,3.141592502593994,0.10000000149011612,3.1241393089294434,0.10000000149011612,0.5,0.5
0.4415258765220642,0.027515387162566185,0.45677173137664795,0.28787001967430115,0.45677173137664795,0.28787001967430115,0.004364760126918554,0.004428603686392307,1.3703084960070555e-06,1.3703084960070555e-06,3.141592502593994,0.10000000149011612,3.1241393089294434,0.10000000149011612,0.5,0.5
0.441461980342865,0.01903899386525154,0.45677173137664795,0.28787001967430115,0.45677173137664795,0.28787001967430115,0.004396055359393358,0.004460902418941259,1.3778582115264726e-06,1.3778582115264726e-06,3.141592502593994,0.10000000149011612,3.1241393089294434,0.10000000149011612,0.5,0.5
0.44139495491981506,0.010562811978161335,0.45659470558166504,0.28755950927734375,0.45659470558166504,0.28755950927734375,0.0044273510575294495,0.0044932011514902115,1.3856333680450916e-06,1.3856333680450916e-06,3.141592502593994,0.10000000149011612,3.1241393089294434,0.10000000149011612,0.5,0.5
0.4413262903690338,0.0020125876180827618,0.45659470558166504,0.28755950927734375,0.45659470558166504,0.28755950927734375,0.004458646755665541,0.004525499884039164,1.393547677253082e-06,1.393547677253082e-06,3.141592502593994,0.10000000149011612,3.1241393089294434,0.10000000149011612,0.5,0.5
0.4412572383880615,-0.006586786359548569,0.4564361274242401,0.28728073835372925,0.4564361274242401,0.28728073835372925,0.004489942919462919,0.004557798616588116,1.4015141687195865e-06,1.4015141687195865e-06,3.141592502593994,0.10000000149011612,3.1241393089294434,0.10000000149011612,0.5,0.5
0.4411885440349579,-0.01514116209000349,0.4564361274242401,0.28728073835372925,0.4564361274242401,0.28728073835372925,0.004521239083260298,0.004590097349137068,1.4095111282586004e-06,1.4095111282586004e-06,3.141592502593994,0.10000000149011612,3.1241393089294434,0.10000000149011612,0.5,0.5
0.4411201775074005,-0.023663628846406937,0.4564361274242401,0.28728073835372925,0.4564361274242401,0.28728073835372925,0.004552535247057676,0.00462239608168602,1.4175271871863515e-06,1.4175271871863515e-06,3.141592502593994,0.10000000149011612,3.1241393089294434,0.10000000149011612,0.5,0.5
0.44105198979377747,-0.032167159020900726,0.4564361274242401,0.28728073835372925,0.4564361274242401,0.28728073835372925,0.0045838309451937675,0.004654694814234972,1.4255547284847125e-06,1.4255547284847125e-06,3.141592502593994,0.10000000149011612,3.1241393089294434,0.10000000149011612,0.5,0.5
0.4409838914871216,-0.040659453719854355,0.45638057589530945,0.28727245330810547,0.45638057589530945,0.28727245330810547,0.004615126643329859,0.004686993546783924,1.43358943205385e-06,1.43358943205385e-06,3.141592502593994,0.10000000149011612,3.1241393089294434,0.10000000149011612,0.5,0.5
0.4409155547618866,-0.04918086156249046,0.45637062191963196,0.2872593402862549,0.45637062191963196,0.2872593402862549,0.00464642234146595,0.0047192927449941635,1.4416268641070928e-06,1.4416268641070928e-06,3.141592502593994,0.10000000149011612,3.1241393089294434,0.10000000149011612,0.5,0.5
