step,t_s,obs_x,obs_y,obs_heading,obs_speed,policy_speed,policy_rate,applied_speed,applied_rate,applied_heading,collision,safety,next_x,next_y,next_heading,next_speed,raw_limit,raw_speed
0,0.13332350000018778,-0.5,-0.5,0.0,0.0,0.15000000596046448,0.2717459797859192,0.15,0.2717459797859192,0.028533327877521497,0.0,,-0.5,-0.5,0.022097238882591963,0.0,21,21
1,0.23722710000038205,-0.5,-0.5,0.022097238882591963,0.0,0.15000000596046448,0.15673430263996124,0.15,0.15673430263996124,0.028533327877521497,0.0,,-0.5,-0.5,0.022094804821561453,0.0,21,21
2,0.44708230000014737,-0.5,-0.5,0.022094804821561453,0.0,0.15000000596046448,0.15673519670963287,0.15,0.15673519670963287,0.028533327877521497,0.0,,-0.5000019632284078,-0.49971294279411754,0.023468185216108495,4.9602383969978964e-05,21,21
3,0.552642200000264,-0.5000019632284078,-0.49971294279411754,0.023468185216108495,4.9602383969978964e-05,0.15000000596046448,0.14225077629089355,0.15,0.14225077629089355,0.028533327877521497,0.0,,-0.5000039710671639,-0.49944675184081205,0.023534328178890007,5.452009722619367e-05,21,21
4,0.6450262999996994,-0.5000039710671639,-0.49944675184081205,0.023534328178890007,5.452009722619367e-05,0.15000000596046448,0.14688390493392944,0.15,0.14688390493392944,0.028533327877521497,0.0,,-0.500005878050455,-0.4992243338298895,0.02357577620454343,4.535101380232947e-05,21,21
5,0.7480898000003435,-0.500005878050455,-0.4992243338298895,0.02357577620454343,4.535101380232947e-05,0.15000000596046448,0.14546287059783936,0.15,0.14546287059783936,0.028533327877521497,0.0,,-0.5000075648400591,-0.49904805740218333,0.02357577620454343,3.422193508816413e-05,21,21
6,0.8526492999999391,-0.5000075648400591,-0.49904805740218333,0.02357577620454343,3.422193508816413e-05,0.15000000596046448,0.14459416270256042,0.15,0.14459416270256042,0.028533327877521497,0.0,,-0.5000089817782966,-0.49891204985067217,0.02353355640344157,2.4846579561996334e-05,21,21
7,0.9569025000000693,-0.5000089817782966,-0.49891204985067217,0.02353355640344157,2.4846579561996334e-05,0.15000000596046448,0.14405077695846558,0.15,0.14405077695846558,0.028533327877521497,0.0,,-0.5000101322446794,-0.49880852265839143,0.023530468363032853,1.7800763022106384e-05,21,21
8,1.0487998999997217,-0.5000101322446794,-0.49880852265839143,0.023530468363032853,1.7800763022106384e-05,0.15000000596046448,0.14357350766658783,0.15,0.14357350766658783,0.028533327877521497,0.0,,-0.5000110464001778,-0.4987302496003678,0.023530468363032853,1.2731936820316667e-05,21,21
9,1.152237000000241,-0.5000110464001778,-0.4987302496003678,0.023530468363032853,1.2731936820316667e-05,0.15000000596046448,0.1432034969329834,0.15,0.1432034969329834,0.028533327877521497,0.0,,-0.5000117630876577,-0.49867126627486397,0.023628870788677148,9.13943974557477e-06,21,21
10,1.362250099999983,-0.5000117630876577,-0.49867126627486397,0.023628870788677148,9.13943974557477e-06,0.15000000596046448,0.1426994353532791,0.15,0.1426994353532791,0.028533327877521497,0.0,,-0.5000093109992771,-0.4985603230414732,0.025883893055560936,8.393071770180896e-06,21,21
11,1.4692402000000584,-0.5000093109992771,-0.4985603230414732,0.025883893055560936,8.393071770180896e-06,0.15000000596046448,0.12834715843200684,0.15,0.12834715843200684,0.028533327877521497,0.0,,-0.49992125348404026,-0.4952128391571339,0.02158023028745948,0.07049575079287194,21,21
12,1.5864199999996345,-0.49992125348404026,-0.4952128391571339,0.02158023028745948,0.07049575079287194,0.15000000596046448,0.04696296527981758,0.15,0.04696296527981758,0.028533327877521497,0.0,,-0.499712849231194,-0.4865177378872746,0.028165479040258123,0.11491949783632127,21,21
13,1.6780970999998317,-0.499712849231194,-0.4865177378872746,0.028165479040258123,0.11491949783632127,0.15000000596046448,-0.035704515874385834,0.15,-0.035704515874385834,0.028533327877521497,0.0,,-0.4994525959141992,-0.4771825782968014,0.028165479040258123,0.14119939601858258,21,21
14,1.7824989999999161,-0.4994525959141992,-0.4771825782968014,0.028165479040258123,0.14119939601858258,0.15000000596046448,-0.029720619320869446,0.15,-0.029720619320869446,0.028533327877521497,0.0,,-0.4989635917807482,-0.46486730750450306,0.027656464856120166,0.15815322972940665,21,21
15,1.8877322999996977,-0.4989635917807482,-0.46486730750450306,0.027656464856120166,0.15815322972940665,0.15000000596046448,-0.09629058837890625,0.15,-0.09629058837890625,0.028533327877521497,0.0,,-0.4986485995582044,-0.44820628816273916,0.02739377821142419,0.17252537044978894,21,21
16,1.9925191000002087,-0.4986485995582044,-0.44820628816273916,0.02739377821142419,0.17252537044978894,0.15000000596046448,-0.16649815440177917,0.15,-0.16649815440177917,0.028533327877521497,0.0,,-0.49838788205076284,-0.4347376976476543,0.02739377821142419,0.18093724515423104,21,21
17,2.0974716999999146,-0.49838788205076284,-0.4347376976476543,0.02739377821142419,0.18093724515423104,0.15000000596046448,-0.17834948003292084,0.15,-0.17834948003292084,0.028533327877521497,0.0,,-0.49936012898709675,-0.415975952865195,0.02222762247201615,0.18584175868342187,21,21
18,2.3075152999999773,-0.49936012898709675,-0.415975952865195,0.02222762247201615,0.18584175868342187,0.15000000596046448,-0.0790897086262703,0.15,-0.0790897086262703,0.028533327877521497,0.0,,-0.5008248314115865,-0.39168945618822937,0.01889862539108833,0.1893837662332951,21,21
19,2.413101000000097,-0.5008248314115865,-0.39168945618822937,0.01889862539108833,0.1893837662332951,0.15000000596046448,0.08426643162965775,0.15,0.08426643162965775,0.028533327877521497,0.0,,-0.501212963327847,-0.36292864355970933,0.024094697460570025,0.18979300132525373,21,21
20,2.5176517999998396,-0.501212963327847,-0.36292864355970933,0.024094697460570025,0.18979300132525373,0.15000000596046448,0.08509691804647446,0.15,0.08509691804647446,0.028533327877521497,0.0,,-0.5005423860381177,-0.33329847409500757,0.02608824295634049,0.18920394715463917,21,21
21,2.6093504000000394,-0.5005423860381177,-0.33329847409500757,0.02608824295634049,0.18920394715463917,0.15000000596046448,-0.013366439379751682,0.15,-0.013366439379751682,0.028533327877521497,0.0,,-0.5009260756814887,-0.3044838603444014,0.022583733837098663,0.1879338510033222,21,21
22,2.7118995000000723,-0.5009260756814887,-0.3044838603444014,0.022583733837098663,0.1879338510033222,0.15000000596046448,0.023362748324871063,0.15,0.023362748324871063,0.028533327877521497,0.0,,-0.5012456759445125,-0.28282192490593927,0.022583733837098663,0.18699313025269343,21,21
23,2.8168626999995467,-0.5012456759445125,-0.28282192490593927,0.022583733837098663,0.18699313025269343,0.15000000596046448,0.1296422779560089,0.15,0.1296422779560089,0.028533327877521497,0.0,,-0.5027914995707796,-0.2604887046700606,0.022832843898058286,0.18628183497429004,21,21
24,2.909882699999798,-0.5027914995707796,-0.2604887046700606,0.022832843898058286,0.18628183497429004,0.15000000596046448,0.23325403034687042,0.15,0.23325403034687042,0.028533327877521497,0.0,,-0.5038276453241393,-0.2374418799387948,0.01937021766145186,0.18754358946226204,21,21
25,3.012328200000411,-0.5038276453241393,-0.2374418799387948,0.01937021766145186,0.18754358946226204,0.15000000596046448,0.2744241952896118,0.15,0.2744241952896118,0.028533327877521497,0.0,,-0.5046358060996443,-0.21997361123278136,0.01937021766145186,0.18814159933001154,21,21
26,3.210134300000391,-0.5046358060996443,-0.21997361123278136,0.01937021766145186,0.18814159933001154,0.15000000596046448,0.31140491366386414,0.15,0.31140491366386414,0.028533327877521497,0.0,,-0.5030984842020342,-0.19114252694377218,0.028273916189309745,0.19104534618487734,21,21
27,3.312900400000217,-0.5030984842020342,-0.19114252694377218,0.028273916189309745,0.19104534618487734,0.15000000596046448,0.06377457827329636,0.15,0.06377457827329636,0.028533327877521497,0.0,,-0.5018651985961897,-0.16920999648369744,0.028273916189309745,0.19257869140888503,21,21
28,3.4172044999995705,-0.5018651985961897,-0.16920999648369744,0.028273916189309745,0.19257869140888503,0.15000000596046448,-0.0368707999587059,0.15,-0.0368707999587059,0.028533327877521497,0.0,,-0.5008660599803094,-0.1423541518142798,0.026081691429880927,0.1959433638949917,21,21
29,3.525061399999686,-0.5008660599803094,-0.1423541518142798,0.026081691429880927,0.1959433638949917,0.15000000596046448,-0.04554435610771179,0.15,-0.04554435610771179,0.028533327877521497,0.0,,-0.5006657309903723,-0.11338316280007446,0.02184756072544447,0.193090596679403,21,21
30,3.6273418000000675,-0.5006657309903723,-0.11338316280007446,0.02184756072544447,0.193090596679403,0.15000000596046448,0.21854250133037567,0.15,0.21854250133037567,0.028533327877521497,0.0,,-0.5005526294489545,-0.09170198931505286,0.02184756072544447,0.19121047227468888,21,21
31,3.732276300000194,-0.5005526294489545,-0.09170198931505286,0.02184756072544447,0.19121047227468888,0.15000000596046448,0.13298819959163666,0.15,0.13298819959163666,0.028533327877521497,0.0,,-0.5008065928193878,-0.06980976650235746,0.02210695025343945,0.18903273059613881,21,21
32,3.826046399999541,-0.5008065928193878,-0.06980976650235746,0.02210695025343945,0.18903273059613881,0.15000000596046448,0.06407898664474487,0.15,0.06407898664474487,0.028533327877521497,0.0,,-0.5012346519050543,-0.04918329818666414,0.021870422079917518,0.1852505448146909,21,21
33,4.032623199999762,-0.5012346519050543,-0.04918329818666414,0.021870422079917518,0.1852505448146909,0.15000000596046448,4.222166061401367,0.0,4.222166061401367,0.46519785852706086,0.0,turn-before-drive,-0.4988174553103563,-0.03352164133841659,0.36478122422065073,0.1145563340115852,21,21
34,4.229068999999981,-0.4988174553103563,-0.03352164133841659,0.36478122422065073,0.1145563340115852,0.15000000596046448,5.957056999206543,0.0,5.957056999206543,0.9902722091373377,0.0,turn-before-drive,-0.4950387761882899,-0.025711161432346738,0.8098402938516669,0.06821024023961618,21,21
35,4.425945899999533,-0.4950387761882899,-0.025711161432346738,0.8098402938516669,0.06821024023961618,0.15000000596046448,6.4185404777526855,0.08,6.4185404777526855,1.483787044015699,0.0,slow-in-turn,-0.4926886435627859,-0.02435962164688679,1.437777968689331,0.06278771578996993,21,21
36,4.527432199999566,-0.4926886435627859,-0.02435962164688679,1.437777968689331,0.06278771578996993,0.15000000596046448,0.14257965981960297,0.15,0.14257965981960297,1.483787044015699,0.0,,-0.48884918992614396,-0.024763120537922657,1.437777968689331,0.11042126003135268,21,21
37,4.632563399999526,-0.48884918992614396,-0.024763120537922657,1.437777968689331,0.11042126003135268,0.15000000596046448,0.04020313546061516,0.15,0.04020313546061516,1.483787044015699,0.0,,-0.4852630538391769,-0.026273827389124618,1.481947736841886,0.13803005037831173,21,21
38,4.725649099999828,-0.4852630538391769,-0.026273827389124618,1.481947736841886,0.13803005037831173,0.15000000596046448,-0.40037068724632263,0.15,-0.40037068724632263,1.483787044015699,0.0,,-0.48255855868758535,-0.028207727368954556,1.4935350706497506,0.15219271846937912,21,21
39,4.933445399999982,-0.48255855868758535,-0.028207727368954556,1.4935350706497506,0.15219271846937912,0.15000000596046448,-0.6143990159034729,0.15,-0.6143990159034729,1.483787044015699,0.0,,-0.47908059216478266,-0.028473439526243458,1.4843069771874147,0.16211651505401461,21,21
40,5.025537399999848,-0.47908059216478266,-0.028473439526243458,1.4843069771874147,0.16211651505401461,0.15000000596046448,-0.5963543653488159,0.15,-0.5963543653488159,1.483787044015699,0.0,,-0.47410939027035165,-0.026960860582241748,1.4782646751612605,0.1678124835458049,21,21
41,5.127266399999826,-0.47410939027035165,-0.026960860582241748,1.4782646751612605,0.1678124835458049,0.15000000596046448,-0.5494639873504639,0.15,-0.5494639873504639,1.483787044015699,0.0,,-0.4700112968872992,-0.025743170386352213,1.4782646751612605,0.1711553477049432,21,21
42,5.248129300000073,-0.4700112968872992,-0.025743170386352213,1.4782646751612605,0.1711553477049432,0.15000000596046448,-0.53143709897995,0.15,-0.53143709897995,1.483787044015699,0.0,,-0.4657720947187182,-0.024713116513408694,1.4802881169242283,0.17206492987026137,21,21
43,5.352179299999989,-0.4657720947187182,-0.024713116513408694,1.4802881169242283,0.17206492987026137,0.15000000596046448,-0.5448057651519775,0.15,-0.5448057651519775,1.483787044015699,0.0,,-0.4632195521545325,-0.025442507782835,1.4836094592551419,0.17387766711757816,21,21
44,5.489044400000239,-0.4632195521545325,-0.025442507782835,1.4836094592551419,0.17387766711757816,0.15000000596046448,-0.6069297790527344,0.15,-0.6069297790527344,1.483787044015699,0.0,,-0.46117940341507896,-0.026006681717213605,1.4836094592551419,0.1749361612390082,21,21
45,5.562391700000262,-0.46117940341507896,-0.026006681717213605,1.4836094592551419,0.1749361612390082,0.15000000596046448,-0.6427789926528931,0.15,-0.6427789926528931,1.483787044015699,0.0,,-0.4611876295433527,-0.027754615309323136,1.4906907244985916,0.17462468598323289,21,21
46,5.87773019999986,-0.4611876295433527,-0.027754615309323136,1.4906907244985916,0.17462468598323289,0.15000000596046448,-0.7459903359413147,0.15,-0.7459903359413147,1.4123617392247532,0.0,,-0.4603824792190189,-0.02650228712046762,1.406202221874473,0.17559199176507398,21,21
47,5.981802000000243,-0.4603824792190189,-0.02650228712046762,1.406202221874473,0.17559199176507398,0.15000000596046448,-0.3934476673603058,0.15,-0.3934476673603058,1.4123617392247532,0.0,,-0.45694932341063355,-0.023820240105871214,1.3991007126019843,0.1768703440382323,21,21
48,6.087530599999809,-0.45694932341063355,-0.023820240105871214,1.3991007126019843,0.1768703440382323,0.15000000596046448,-0.3250008821487427,0.15,-0.3250008821487427,1.4123617392247532,0.0,,-0.45428806207896355,-0.021735412770526374,1.3991007126019843,0.17760417226160763,21,21
49,6.191817300000366,-0.45428806207896355,-0.021735412770526374,1.3991007126019843,0.17760417226160763,0.15000000596046448,-0.29400813579559326,0.15,-0.29400813579559326,1.4123617392247532,0.0,,-0.4488390981525966,-0.02059205796760244,1.4018175273773332,0.1789579851041741,21,21
50,6.297402999999576,-0.4488390981525966,-0.02059205796760244,1.4018175273773332,0.1789579851041741,0.15000000596046448,-0.35292091965675354,0.15,-0.35292091965675354,1.4123617392247532,0.0,,-0.4395034388679936,-0.02047050930381407,1.4085884642706024,0.18234356738423294,21,21
51,6.401789100000315,-0.4395034388679936,-0.02047050930381407,1.4085884642706024,0.18234356738423294,0.15000000596046448,-0.4814192056655884,0.15,-0.4814192056655884,1.4123617392247532,0.0,,-0.42500836619701776,-0.0198349036333429,1.4169677201889535,0.1863891418882182,21,21
52,6.492065399999774,-0.42500836619701776,-0.0198349036333429,1.4169677201889535,0.1863891418882182,0.15000000596046448,-0.37232860922813416,0.15,-0.37232860922813416,1.4123617392247532,0.0,,-0.41381207017012306,-0.019379439096804216,1.4169677201889535,0.1886936992021783,21,21
53,6.596946100000423,-0.41381207017012306,-0.019379439096804216,1.4169677201889535,0.1886936992021783,0.15000000596046448,-0.23552250862121582,0.15,-0.23552250862121582,1.4123617392247532,0.0,,-0.39486497101031776,-0.015550669265796596,1.4099873146628763,0.19489190653583804,21,21
54,6.79317600000013,-0.39486497101031776,-0.015550669265796596,1.4099873146628763,0.19489190653583804,0.15000000596046448,0.13667571544647217,0.15,0.13667571544647217,1.4123617392247532,0.0,,-0.36807828817710053,-0.007765630296766905,1.3980806117737625,0.1978916231841415,21,21
55,6.990871899999547,-0.36807828817710053,-0.007765630296766905,1.3980806117737625,0.1978916231841415,0.15000000596046448,1.126560926437378,0.15,1.126560926437378,1.516369509049687,0.0,,-0.3272347834043871,0.0015061031169523514,1.511347829839873,0.19407831241374046,21,21
56,7.214109999999891,-0.3272347834043871,0.0015061031169523514,1.511347829839873,0.19407831241374046,0.15000000596046448,1.2694369554519653,0.15,1.2694369554519653,1.6446387101623294,0.0,,-0.28726403177827353,0.007159859155352147,1.6190205234897181,0.19708064626496122,21,21
57,7.423144399999728,-0.28726403177827353,0.007159859155352147,1.6190205234897181,0.19708064626496122,0.15000000596046448,-5.959834575653076,0.08,-5.959834575653076,0.9932378930461452,0.0,slow-in-turn,-0.25052975654440296,0.015693867760073046,1.136746976001592,0.14623914159214382,21,21
58,7.633492599999954,-0.25052975654440296,0.015693867760073046,1.136746976001592,0.14623914159214382,0.15000000596046448,-7.158477306365967,0.0,-7.158477306365967,0.3851068588331654,1.0,turn-before-drive,-0.2096476215243212,0.02513745425236646,0.5186499768032276,0.09579309696473776,21,21
59,7.842429600000287,-0.2096476215243212,0.02513745425236646,0.5186499768032276,0.09579309696473776,0.15000000596046448,-6.492600440979004,0.0,0.0,0.5186499768032276,0.0,collision-pause,-0.1774441544028815,0.03594344242212816,0.5671901055215973,0.06432087428112777,21,21
60,8.055434300000343,-0.1774441544028815,0.03594344242212816,0.5671901055215973,0.06432087428112777,0.15000000596046448,6.807340145111084,0.0,0.0,0.5671901055215973,0.0,collision-pause,-0.16291818719197992,0.04206333465005328,0.5325430158707403,0.04213005628753745,21,21
61,8.261819800000012,-0.16291818719197992,0.04206333465005328,0.5325430158707403,0.04213005628753745,0.15000000596046448,7.482300758361816,0.0,0.0,0.5325430158707403,0.0,collision-pause,-0.15288946822028987,0.045389988109008426,0.4854522676630557,0.0264883813518975,21,21
62,8.457616900000176,-0.15288946822028987,0.045389988109008426,0.4854522676630557,0.0264883813518975,0.15000000596046448,7.49843692779541,0.0,7.49843692779541,1.2727881450815737,0.0,turn-before-drive,-0.14431126809673112,0.04627301220668126,1.0455341444227972,0.020040649826197847,21,21
63,8.69673049999983,-0.14431126809673112,0.04627301220668126,1.0455341444227972,0.020040649826197847,0.15000000596046448,-6.144165992736816,0.0,-6.144165992736816,0.4003967151854315,0.0,turn-before-drive,-0.13870153866008883,0.04558265252530633,0.576890698395629,0.016596538145843404,21,21
64,8.878472399999737,-0.13870153866008883,0.04558265252530633,0.576890698395629,0.016596538145843404,0.15000000596046448,7.4997944831848145,0.0,7.4997944831848145,1.3643691191300347,0.0,turn-before-drive,-0.13597280104153686,0.04395560476987551,1.2532617755560835,0.011692428068659062,21,21
65,9.08815870000035,-0.13597280104153686,0.04395560476987551,1.2532617755560835,0.011692428068659062,0.15000000596046448,-7.28911018371582,0.0,-7.28911018371582,0.48790520626592215,0.0,turn-before-drive,-0.13455581973292371,0.04171948340299352,0.48343273478527404,0.012082871053638512,21,21
66,9.297546499999953,-0.13455581973292371,0.04171948340299352,0.48343273478527404,0.012082871053638512,0.15000000596046448,7.499892234802246,0.0,7.499892234802246,1.2709214194395102,0.0,turn-before-drive,-0.13135309989876595,0.03749707408639743,1.1937862989036372,0.007625067186423007,21,21
67,9.507857100000365,-0.13135309989876595,0.03749707408639743,1.1937862989036372,0.007625067186423007,0.15000000596046448,-7.335035800933838,0.0,-7.335035800933838,0.4236075398055843,0.0,turn-before-drive,-0.12901573997877894,0.03583915744304102,0.45853303564291537,0.006992646266575275,21,21
68,9.716621399999894,-0.12901573997877894,0.03583915744304102,0.45853303564291537,0.006992646266575275,0.15000000596046448,7.499879360198975,0.0,7.499879360198975,1.2460203684638076,0.0,turn-before-drive,-0.12896354827703546,0.03430961131928893,1.101077068182673,0.0065179893877212085,21,21
69,9.912849999999708,-0.12896354827703546,0.03430961131928893,1.101077068182673,0.0065179893877212085,0.15000000596046448,-7.285811901092529,0.0,-7.285811901092529,0.33606681856795717,0.0,turn-before-drive,-0.12857039705944162,0.031967947551845774,0.41994694646509156,0.006911206182357819,21,21
