sim_x,sim_y,real_x,real_y
-0.500000,-0.500000,-0.500000,-0.497927
-0.500000,-0.500000,-0.500000,-0.492213
-0.500000,-0.496191,-0.499996,-0.484385
-0.500000,-0.490039,-0.499994,-0.476441
-0.500000,-0.486256,-0.499996,-0.469145
-0.500000,-0.483929,-0.499998,-0.462893
-0.500000,-0.482498,-0.500000,-0.457754
-0.500000,-0.481618,-0.500002,-0.453636
-0.500000,-0.481076,-0.500011,-0.450311
-0.500000,-0.480744,-0.500063,-0.447541
-0.500000,-0.480539,-0.500089,-0.445409
-0.500000,-0.476604,-0.500064,-0.443612
-0.500000,-0.466566,-0.500059,-0.442194
-0.500000,-0.452774,-0.500320,-0.440076
-0.500000,-0.436673,-0.500155,-0.436277
-0.500000,-0.419153,-0.500040,-0.433315
-0.500000,-0.400760,-0.499322,-0.428385
-0.500000,-0.381830,-0.500118,-0.412925
-0.500000,-0.362569,-0.501592,-0.393788
-0.500000,-0.343105,-0.502324,-0.370275
-0.500000,-0.323517,-0.502150,-0.344402
-0.500000,-0.303851,-0.502344,-0.319764
-0.500000,-0.284138,-0.503295,-0.296905
-0.500000,-0.264397,-0.505407,-0.274111
-0.500000,-0.244637,-0.506799,-0.255948
-0.500000,-0.224866,-0.505645,-0.243114
-0.500000,-0.205089,-0.504663,-0.233491
-0.500000,-0.185307,-0.502092,-0.225535
-0.500000,-0.165523,-0.501653,-0.213158
-0.500000,-0.145738,-0.503252,-0.201709
-0.500000,-0.125951,-0.504439,-0.193146
-0.500000,-0.106164,-0.504510,-0.180282
-0.500000,-0.086376,-0.504407,-0.170386
-0.500000,-0.066588,-0.504531,-0.156380
-0.500000,-0.046800,-0.505605,-0.137082
-0.500000,-0.030821,-0.504355,-0.103674
-0.500000,-0.020994,-0.503179,-0.078360
-0.500000,-0.014950,-0.501405,-0.054009
-0.500000,-0.011233,-0.499625,-0.031090
-0.499123,-0.009122,-0.495851,-0.012252
-0.497833,-0.008561,-0.492606,-0.003373
-0.493163,-0.008395,-0.490697,-0.000642
-0.482676,-0.008033,-0.487904,0.000133
-0.468613,-0.007548,-0.482221,0.000783
-0.452351,-0.006986,-0.473430,-0.000275
-0.434736,-0.006378,-0.464339,-0.001325
-0.416288,-0.005741,-0.455651,-0.001423
-0.397329,-0.005086,-0.448595,-0.001462
-0.378055,-0.004421,-0.440899,-0.000738
-0.358588,-0.003749,-0.430853,-0.000080
-0.339002,-0.003073,-0.422954,0.000369
-0.319342,-0.002394,-0.402464,-0.000085
-0.299638,-0.001714,-0.372945,0.000799
-0.283713,-0.001164,-0.346374,0.002645
-0.273918,-0.000826,-0.324032,0.003718
-0.267895,-0.000618,-0.304648,0.000640
-0.264190,-0.000490,-0.291408,0.001131
-0.262116,0.000457,-0.284673,0.006493
-0.261572,0.001749,-0.284794,0.009023
-0.261350,0.006415,-0.287933,0.012726
-0.261039,0.013090,-0.289810,0.016669
-0.260848,0.017195,-0.291105,0.021341
-0.260553,0.023525,-0.292000,0.028383
-0.260017,0.035027,-0.292453,0.034312
-0.259332,0.049712,-0.293073,0.037501
-0.258557,0.066353,-0.292880,0.038844
-0.257726,0.084197,-0.292344,0.040054
-0.256860,0.102782,-0.291894,0.041016
-0.255973,0.121821,-0.291951,0.042760
-0.255072,0.141141,-0.292592,0.044565
-0.254164,0.160632,-0.293061,0.045906
-0.253251,0.180230,-0.293409,0.046324
-0.252335,0.199893,-0.292666,0.045684
-0.251417,0.219596,-0.292214,0.045934
-0.250907,0.239338,-0.292462,0.046818
-0.250823,0.259102,-0.292898,0.047483
-0.250755,0.278875,-0.293237,0.047971
-0.250687,0.298654,-0.292212,0.049093
-0.250620,0.318436,-0.291335,0.054010
-0.250552,0.338221,-0.290703,0.057898
-0.250485,0.358007,-0.290241,0.065453
-0.250417,0.377794,-0.288996,0.077109
-0.250349,0.397581,-0.286030,0.092883
-0.250282,0.417369,-0.279883,0.113195
-0.250214,0.437156,-0.272807,0.138076
-0.250147,0.456944,-0.267357,0.166056
-0.250092,0.472923,-0.263449,0.194936
-0.250059,0.482750,-0.259079,0.223512
-0.250038,0.488794,-0.253693,0.257714
-0.250026,0.492511,-0.251454,0.301856
-0.250018,0.494797,-0.250076,0.335341
-0.250013,0.496203,-0.249452,0.370879
-0.250010,0.497068,-0.248356,0.405591
-0.250008,0.497600,-0.246902,0.437527
-0.250007,0.497927,-0.247339,0.471679
-0.249929,0.498112,-0.245106,0.497526
-0.249815,0.498160,-0.239361,0.517396
-0.245930,0.498189,-0.233966,0.530906
-0.235923,0.498262,-0.225740,0.541261
-0.222150,0.498364,-0.213568,0.544051
-0.206062,0.498482,-0.201948,0.544262
-0.188549,0.498611,-0.190525,0.545122
-0.170161,0.498747,-0.178030,0.547889
-0.151233,0.498886,-0.164083,0.543815
-0.131975,0.499028,-0.148755,0.539187
-0.112513,0.499171,-0.131396,0.536414
-0.092925,0.499316,-0.112277,0.533575
-0.073261,0.499460,-0.092401,0.525113
-0.053549,0.499606,-0.075136,0.518960
-0.033808,0.499751,-0.058369,0.517782
-0.014048,0.499832,-0.045330,0.515262
0.005722,0.499847,-0.035386,0.511216
0.025500,0.499860,-0.026867,0.510897
0.045281,0.499872,-0.020359,0.511248
0.065065,0.499885,-0.013301,0.513211
0.084851,0.499897,-0.006225,0.514698
0.104638,0.499909,-0.000062,0.513902
0.120616,0.499919,0.004713,0.512159
0.134252,0.499928,0.009219,0.513315
0.150256,0.499938,0.013475,0.514009
0.167717,0.499949,0.018413,0.512728
0.186074,0.499960,0.022217,0.511714
0.204982,0.499972,0.033637,0.511365
0.224229,0.499979,0.046388,0.511226
0.243684,0.499980,0.061724,0.509855
0.263268,0.499982,0.081115,0.508096
0.282930,0.499983,0.105563,0.507117
0.302641,0.499985,0.124301,0.506435
0.322381,0.499986,0.157790,0.506265
0.342140,0.499988,0.190432,0.505025
0.361911,0.499989,0.226957,0.501971
0.381688,0.499991,0.260452,0.499543
0.401469,0.499993,0.298749,0.498760
0.421253,0.499994,0.335230,0.499150
0.441039,0.499995,0.362874,0.499520
0.460825,0.499997,0.391567,0.500554
0.480613,0.499999,0.419471,0.501439
0.496591,0.500000,0.449031,0.501314
0.506418,0.500001,0.474022,0.500566
